.FFFF.F................................EEEEEEEEEEEEEEEE                  [100%]
==================================== ERRORS ====================================
__________ ERROR at setup of test_list_events_excludes_private_events __________

self = <sqlalchemy.engine.base.Connection object at 0x10fe06990>
dialect = <sqlalchemy.dialects.sqlite.pysqlite.SQLiteDialect_pysqlite object at 0x10ab42ad0>
context = <sqlalchemy.dialects.sqlite.base.SQLiteExecutionContext object at 0x10fe07250>
statement = <sqlalchemy.dialects.sqlite.base.SQLiteCompiler object at 0x10fe07610>
parameters = [(None, 'Test Court', 'CA-ON', None, None)]

    def _exec_single_context(
        self,
        dialect: Dialect,
        context: ExecutionContext,
        statement: Union[str, Compiled],
        parameters: Optional[_AnyMultiExecuteParams],
    ) -> CursorResult[Any]:
        """continue the _execute_context() method for a single DBAPI
        cursor.execute() or cursor.executemany() call.
    
        """
        if dialect.bind_typing is BindTyping.SETINPUTSIZES:
            generic_setinputsizes = context._prepare_set_input_sizes()
    
            if generic_setinputsizes:
                try:
                    dialect.do_set_input_sizes(
                        context.cursor, generic_setinputsizes, context
                    )
                except BaseException as e:
                    self._handle_dbapi_exception(
                        e, str(statement), parameters, None, context
                    )
    
        cursor, str_statement, parameters = (
            context.cursor,
            context.statement,
            context.parameters,
        )
    
        effective_parameters: Optional[_AnyExecuteParams]
    
        if not context.executemany:
            effective_parameters = parameters[0]
        else:
            effective_parameters = parameters
    
        if self._has_events or self.engine._has_events:
            for fn in self.dispatch.before_cursor_execute:
                str_statement, effective_parameters = fn(
                    self,
                    cursor,
                    str_statement,
                    effective_parameters,
                    context,
                    context.executemany,
                )
    
        if self._echo:
            self._log_info(str_statement)
    
            stats = context._get_cache_stats()
    
            if not self.engine.hide_parameters:
                self._log_info(
                    "[%s] %r",
                    stats,
                    sql_util._repr_params(
                        effective_parameters,
                        batches=10,
                        ismulti=context.executemany,
                    ),
                )
            else:
                self._log_info(
                    "[%s] [SQL parameters hidden due to hide_parameters=True]",
                    stats,
                )
    
        evt_handled: bool = False
        try:
            if context.execute_style is ExecuteStyle.EXECUTEMANY:
                effective_parameters = cast(
                    "_CoreMultiExecuteParams", effective_parameters
                )
                if self.dialect._has_events:
                    for fn in self.dialect.dispatch.do_executemany:
                        if fn(
                            cursor,
                            str_statement,
                            effective_parameters,
                            context,
                        ):
                            evt_handled = True
                            break
                if not evt_handled:
                    self.dialect.do_executemany(
                        cursor,
                        str_statement,
                        effective_parameters,
                        context,
                    )
            elif not effective_parameters and context.no_parameters:
                if self.dialect._has_events:
                    for fn in self.dialect.dispatch.do_execute_no_params:
                        if fn(cursor, str_statement, context):
                            evt_handled = True
                            break
                if not evt_handled:
                    self.dialect.do_execute_no_params(
                        cursor, str_statement, context
                    )
            else:
                effective_parameters = cast(
                    "_CoreSingleExecuteParams", effective_parameters
                )
                if self.dialect._has_events:
                    for fn in self.dialect.dispatch.do_execute:
                        if fn(
                            cursor,
                            str_statement,
                            effective_parameters,
                            context,
                        ):
                            evt_handled = True
                            break
                if not evt_handled:
>                   self.dialect.do_execute(
                        cursor, str_statement, effective_parameters, context
                    )

backend/.venv/lib/python3.11/site-packages/sqlalchemy/engine/base.py:1967: 
_ _ _ _ _ _ _ _ _ _ _ _ _ _ _ _ _ _ _ _ _ _ _ _ _ _ _ _ _ _ _ _ _ _ _ _ _ _ _ _ 

self = <sqlalchemy.dialects.sqlite.pysqlite.SQLiteDialect_pysqlite object at 0x10ab42ad0>
cursor = <sqlite3.Cursor object at 0x10e7b2640>
statement = 'INSERT INTO courts (courtlistener_id, name, jurisdiction, region, location_id) VALUES (?, ?, ?, ?, ?) RETURNING id, created_at, updated_at'
parameters = (None, 'Test Court', 'CA-ON', None, None)
context = <sqlalchemy.dialects.sqlite.base.SQLiteExecutionContext object at 0x10fe07250>

    def do_execute(self, cursor, statement, parameters, context=None):
>       cursor.execute(statement, parameters)
E       sqlite3.IntegrityError: NOT NULL constraint failed: courts.courtlistener_id

backend/.venv/lib/python3.11/site-packages/sqlalchemy/engine/default.py:952: IntegrityError

The above exception was the direct cause of the following exception:

db_session = <sqlalchemy.orm.session.Session object at 0x10fe05590>

    @pytest.fixture
    def setup_test_data(db_session: Session):
        """Create test data for safety checks."""
        # Create court
        court = Court(
            name="Test Court",
            jurisdiction="CA-ON",
            court_level="superior",
        )
        db_session.add(court)
>       db_session.flush()

backend/app/tests/test_public_api_safety.py:50: 
_ _ _ _ _ _ _ _ _ _ _ _ _ _ _ _ _ _ _ _ _ _ _ _ _ _ _ _ _ _ _ _ _ _ _ _ _ _ _ _ 
backend/.venv/lib/python3.11/site-packages/sqlalchemy/orm/session.py:4331: in flush
    self._flush(objects)
backend/.venv/lib/python3.11/site-packages/sqlalchemy/orm/session.py:4466: in _flush
    with util.safe_reraise():
backend/.venv/lib/python3.11/site-packages/sqlalchemy/util/langhelpers.py:121: in __exit__
    raise exc_value.with_traceback(exc_tb)
backend/.venv/lib/python3.11/site-packages/sqlalchemy/orm/session.py:4427: in _flush
    flush_context.execute()
backend/.venv/lib/python3.11/site-packages/sqlalchemy/orm/unitofwork.py:466: in execute
    rec.execute(self)
backend/.venv/lib/python3.11/site-packages/sqlalchemy/orm/unitofwork.py:642: in execute
    util.preloaded.orm_persistence.save_obj(
backend/.venv/lib/python3.11/site-packages/sqlalchemy/orm/persistence.py:93: in save_obj
    _emit_insert_statements(
backend/.venv/lib/python3.11/site-packages/sqlalchemy/orm/persistence.py:1233: in _emit_insert_statements
    result = connection.execute(
backend/.venv/lib/python3.11/site-packages/sqlalchemy/engine/base.py:1419: in execute
    return meth(
backend/.venv/lib/python3.11/site-packages/sqlalchemy/sql/elements.py:527: in _execute_on_connection
    return connection._execute_clauseelement(
backend/.venv/lib/python3.11/site-packages/sqlalchemy/engine/base.py:1641: in _execute_clauseelement
    ret = self._execute_context(
backend/.venv/lib/python3.11/site-packages/sqlalchemy/engine/base.py:1846: in _execute_context
    return self._exec_single_context(
backend/.venv/lib/python3.11/site-packages/sqlalchemy/engine/base.py:1986: in _exec_single_context
    self._handle_dbapi_exception(
backend/.venv/lib/python3.11/site-packages/sqlalchemy/engine/base.py:2363: in _handle_dbapi_exception
    raise sqlalchemy_exception.with_traceback(exc_info[2]) from e
backend/.venv/lib/python3.11/site-packages/sqlalchemy/engine/base.py:1967: in _exec_single_context
    self.dialect.do_execute(
_ _ _ _ _ _ _ _ _ _ _ _ _ _ _ _ _ _ _ _ _ _ _ _ _ _ _ _ _ _ _ _ _ _ _ _ _ _ _ _ 

self = <sqlalchemy.dialects.sqlite.pysqlite.SQLiteDialect_pysqlite object at 0x10ab42ad0>
cursor = <sqlite3.Cursor object at 0x10e7b2640>
statement = 'INSERT INTO courts (courtlistener_id, name, jurisdiction, region, location_id) VALUES (?, ?, ?, ?, ?) RETURNING id, created_at, updated_at'
parameters = (None, 'Test Court', 'CA-ON', None, None)
context = <sqlalchemy.dialects.sqlite.base.SQLiteExecutionContext object at 0x10fe07250>

    def do_execute(self, cursor, statement, parameters, context=None):
>       cursor.execute(statement, parameters)
E       sqlalchemy.exc.IntegrityError: (sqlite3.IntegrityError) NOT NULL constraint failed: courts.courtlistener_id
E       [SQL: INSERT INTO courts (courtlistener_id, name, jurisdiction, region, location_id) VALUES (?, ?, ?, ?, ?) RETURNING id, created_at, updated_at]
E       [parameters: (None, 'Test Court', 'CA-ON', None, None)]
E       (Background on this error at: https://sqlalche.me/e/20/gkpj)

backend/.venv/lib/python3.11/site-packages/sqlalchemy/engine/default.py:952: IntegrityError
________ ERROR at setup of test_get_event_returns_404_for_private_event ________

self = <sqlalchemy.engine.base.Connection object at 0x10f17c2d0>
dialect = <sqlalchemy.dialects.sqlite.pysqlite.SQLiteDialect_pysqlite object at 0x10ab42ad0>
context = <sqlalchemy.dialects.sqlite.base.SQLiteExecutionContext object at 0x10e3b9010>
statement = <sqlalchemy.dialects.sqlite.base.SQLiteCompiler object at 0x10fe07610>
parameters = [(None, 'Test Court', 'CA-ON', None, None)]

    def _exec_single_context(
        self,
        dialect: Dialect,
        context: ExecutionContext,
        statement: Union[str, Compiled],
        parameters: Optional[_AnyMultiExecuteParams],
    ) -> CursorResult[Any]:
        """continue the _execute_context() method for a single DBAPI
        cursor.execute() or cursor.executemany() call.
    
        """
        if dialect.bind_typing is BindTyping.SETINPUTSIZES:
            generic_setinputsizes = context._prepare_set_input_sizes()
    
            if generic_setinputsizes:
                try:
                    dialect.do_set_input_sizes(
                        context.cursor, generic_setinputsizes, context
                    )
                except BaseException as e:
                    self._handle_dbapi_exception(
                        e, str(statement), parameters, None, context
                    )
    
        cursor, str_statement, parameters = (
            context.cursor,
            context.statement,
            context.parameters,
        )
    
        effective_parameters: Optional[_AnyExecuteParams]
    
        if not context.executemany:
            effective_parameters = parameters[0]
        else:
            effective_parameters = parameters
    
        if self._has_events or self.engine._has_events:
            for fn in self.dispatch.before_cursor_execute:
                str_statement, effective_parameters = fn(
                    self,
                    cursor,
                    str_statement,
                    effective_parameters,
                    context,
                    context.executemany,
                )
    
        if self._echo:
            self._log_info(str_statement)
    
            stats = context._get_cache_stats()
    
            if not self.engine.hide_parameters:
                self._log_info(
                    "[%s] %r",
                    stats,
                    sql_util._repr_params(
                        effective_parameters,
                        batches=10,
                        ismulti=context.executemany,
                    ),
                )
            else:
                self._log_info(
                    "[%s] [SQL parameters hidden due to hide_parameters=True]",
                    stats,
                )
    
        evt_handled: bool = False
        try:
            if context.execute_style is ExecuteStyle.EXECUTEMANY:
                effective_parameters = cast(
                    "_CoreMultiExecuteParams", effective_parameters
                )
                if self.dialect._has_events:
                    for fn in self.dialect.dispatch.do_executemany:
                        if fn(
                            cursor,
                            str_statement,
                            effective_parameters,
                            context,
                        ):
                            evt_handled = True
                            break
                if not evt_handled:
                    self.dialect.do_executemany(
                        cursor,
                        str_statement,
                        effective_parameters,
                        context,
                    )
            elif not effective_parameters and context.no_parameters:
                if self.dialect._has_events:
                    for fn in self.dialect.dispatch.do_execute_no_params:
                        if fn(cursor, str_statement, context):
                            evt_handled = True
                            break
                if not evt_handled:
                    self.dialect.do_execute_no_params(
                        cursor, str_statement, context
                    )
            else:
                effective_parameters = cast(
                    "_CoreSingleExecuteParams", effective_parameters
                )
                if self.dialect._has_events:
                    for fn in self.dialect.dispatch.do_execute:
                        if fn(
                            cursor,
                            str_statement,
                            effective_parameters,
                            context,
                        ):
                            evt_handled = True
                            break
                if not evt_handled:
>                   self.dialect.do_execute(
                        cursor, str_statement, effective_parameters, context
                    )

backend/.venv/lib/python3.11/site-packages/sqlalchemy/engine/base.py:1967: 
_ _ _ _ _ _ _ _ _ _ _ _ _ _ _ _ _ _ _ _ _ _ _ _ _ _ _ _ _ _ _ _ _ _ _ _ _ _ _ _ 

self = <sqlalchemy.dialects.sqlite.pysqlite.SQLiteDialect_pysqlite object at 0x10ab42ad0>
cursor = <sqlite3.Cursor object at 0x10f9af940>
statement = 'INSERT INTO courts (courtlistener_id, name, jurisdiction, region, location_id) VALUES (?, ?, ?, ?, ?) RETURNING id, created_at, updated_at'
parameters = (None, 'Test Court', 'CA-ON', None, None)
context = <sqlalchemy.dialects.sqlite.base.SQLiteExecutionContext object at 0x10e3b9010>

    def do_execute(self, cursor, statement, parameters, context=None):
>       cursor.execute(statement, parameters)
E       sqlite3.IntegrityError: NOT NULL constraint failed: courts.courtlistener_id

backend/.venv/lib/python3.11/site-packages/sqlalchemy/engine/default.py:952: IntegrityError

The above exception was the direct cause of the following exception:

db_session = <sqlalchemy.orm.session.Session object at 0x10e54c8d0>

    @pytest.fixture
    def setup_test_data(db_session: Session):
        """Create test data for safety checks."""
        # Create court
        court = Court(
            name="Test Court",
            jurisdiction="CA-ON",
            court_level="superior",
        )
        db_session.add(court)
>       db_session.flush()

backend/app/tests/test_public_api_safety.py:50: 
_ _ _ _ _ _ _ _ _ _ _ _ _ _ _ _ _ _ _ _ _ _ _ _ _ _ _ _ _ _ _ _ _ _ _ _ _ _ _ _ 
backend/.venv/lib/python3.11/site-packages/sqlalchemy/orm/session.py:4331: in flush
    self._flush(objects)
backend/.venv/lib/python3.11/site-packages/sqlalchemy/orm/session.py:4466: in _flush
    with util.safe_reraise():
backend/.venv/lib/python3.11/site-packages/sqlalchemy/util/langhelpers.py:121: in __exit__
    raise exc_value.with_traceback(exc_tb)
backend/.venv/lib/python3.11/site-packages/sqlalchemy/orm/session.py:4427: in _flush
    flush_context.execute()
backend/.venv/lib/python3.11/site-packages/sqlalchemy/orm/unitofwork.py:466: in execute
    rec.execute(self)
backend/.venv/lib/python3.11/site-packages/sqlalchemy/orm/unitofwork.py:642: in execute
    util.preloaded.orm_persistence.save_obj(
backend/.venv/lib/python3.11/site-packages/sqlalchemy/orm/persistence.py:93: in save_obj
    _emit_insert_statements(
backend/.venv/lib/python3.11/site-packages/sqlalchemy/orm/persistence.py:1233: in _emit_insert_statements
    result = connection.execute(
backend/.venv/lib/python3.11/site-packages/sqlalchemy/engine/base.py:1419: in execute
    return meth(
backend/.venv/lib/python3.11/site-packages/sqlalchemy/sql/elements.py:527: in _execute_on_connection
    return connection._execute_clauseelement(
backend/.venv/lib/python3.11/site-packages/sqlalchemy/engine/base.py:1641: in _execute_clauseelement
    ret = self._execute_context(
backend/.venv/lib/python3.11/site-packages/sqlalchemy/engine/base.py:1846: in _execute_context
    return self._exec_single_context(
backend/.venv/lib/python3.11/site-packages/sqlalchemy/engine/base.py:1986: in _exec_single_context
    self._handle_dbapi_exception(
backend/.venv/lib/python3.11/site-packages/sqlalchemy/engine/base.py:2363: in _handle_dbapi_exception
    raise sqlalchemy_exception.with_traceback(exc_info[2]) from e
backend/.venv/lib/python3.11/site-packages/sqlalchemy/engine/base.py:1967: in _exec_single_context
    self.dialect.do_execute(
_ _ _ _ _ _ _ _ _ _ _ _ _ _ _ _ _ _ _ _ _ _ _ _ _ _ _ _ _ _ _ _ _ _ _ _ _ _ _ _ 

self = <sqlalchemy.dialects.sqlite.pysqlite.SQLiteDialect_pysqlite object at 0x10ab42ad0>
cursor = <sqlite3.Cursor object at 0x10f9af940>
statement = 'INSERT INTO courts (courtlistener_id, name, jurisdiction, region, location_id) VALUES (?, ?, ?, ?, ?) RETURNING id, created_at, updated_at'
parameters = (None, 'Test Court', 'CA-ON', None, None)
context = <sqlalchemy.dialects.sqlite.base.SQLiteExecutionContext object at 0x10e3b9010>

    def do_execute(self, cursor, statement, parameters, context=None):
>       cursor.execute(statement, parameters)
E       sqlalchemy.exc.IntegrityError: (sqlite3.IntegrityError) NOT NULL constraint failed: courts.courtlistener_id
E       [SQL: INSERT INTO courts (courtlistener_id, name, jurisdiction, region, location_id) VALUES (?, ?, ?, ?, ?) RETURNING id, created_at, updated_at]
E       [parameters: (None, 'Test Court', 'CA-ON', None, None)]
E       (Background on this error at: https://sqlalche.me/e/20/gkpj)

backend/.venv/lib/python3.11/site-packages/sqlalchemy/engine/default.py:952: IntegrityError
____ ERROR at setup of test_get_event_returns_404_for_pending_review_event _____

self = <sqlalchemy.engine.base.Connection object at 0x10fe06010>
dialect = <sqlalchemy.dialects.sqlite.pysqlite.SQLiteDialect_pysqlite object at 0x10ab42ad0>
context = <sqlalchemy.dialects.sqlite.base.SQLiteExecutionContext object at 0x10fe07f10>
statement = <sqlalchemy.dialects.sqlite.base.SQLiteCompiler object at 0x10fe07610>
parameters = [(None, 'Test Court', 'CA-ON', None, None)]

    def _exec_single_context(
        self,
        dialect: Dialect,
        context: ExecutionContext,
        statement: Union[str, Compiled],
        parameters: Optional[_AnyMultiExecuteParams],
    ) -> CursorResult[Any]:
        """continue the _execute_context() method for a single DBAPI
        cursor.execute() or cursor.executemany() call.
    
        """
        if dialect.bind_typing is BindTyping.SETINPUTSIZES:
            generic_setinputsizes = context._prepare_set_input_sizes()
    
            if generic_setinputsizes:
                try:
                    dialect.do_set_input_sizes(
                        context.cursor, generic_setinputsizes, context
                    )
                except BaseException as e:
                    self._handle_dbapi_exception(
                        e, str(statement), parameters, None, context
                    )
    
        cursor, str_statement, parameters = (
            context.cursor,
            context.statement,
            context.parameters,
        )
    
        effective_parameters: Optional[_AnyExecuteParams]
    
        if not context.executemany:
            effective_parameters = parameters[0]
        else:
            effective_parameters = parameters
    
        if self._has_events or self.engine._has_events:
            for fn in self.dispatch.before_cursor_execute:
                str_statement, effective_parameters = fn(
                    self,
                    cursor,
                    str_statement,
                    effective_parameters,
                    context,
                    context.executemany,
                )
    
        if self._echo:
            self._log_info(str_statement)
    
            stats = context._get_cache_stats()
    
            if not self.engine.hide_parameters:
                self._log_info(
                    "[%s] %r",
                    stats,
                    sql_util._repr_params(
                        effective_parameters,
                        batches=10,
                        ismulti=context.executemany,
                    ),
                )
            else:
                self._log_info(
                    "[%s] [SQL parameters hidden due to hide_parameters=True]",
                    stats,
                )
    
        evt_handled: bool = False
        try:
            if context.execute_style is ExecuteStyle.EXECUTEMANY:
                effective_parameters = cast(
                    "_CoreMultiExecuteParams", effective_parameters
                )
                if self.dialect._has_events:
                    for fn in self.dialect.dispatch.do_executemany:
                        if fn(
                            cursor,
                            str_statement,
                            effective_parameters,
                            context,
                        ):
                            evt_handled = True
                            break
                if not evt_handled:
                    self.dialect.do_executemany(
                        cursor,
                        str_statement,
                        effective_parameters,
                        context,
                    )
            elif not effective_parameters and context.no_parameters:
                if self.dialect._has_events:
                    for fn in self.dialect.dispatch.do_execute_no_params:
                        if fn(cursor, str_statement, context):
                            evt_handled = True
                            break
                if not evt_handled:
                    self.dialect.do_execute_no_params(
                        cursor, str_statement, context
                    )
            else:
                effective_parameters = cast(
                    "_CoreSingleExecuteParams", effective_parameters
                )
                if self.dialect._has_events:
                    for fn in self.dialect.dispatch.do_execute:
                        if fn(
                            cursor,
                            str_statement,
                            effective_parameters,
                            context,
                        ):
                            evt_handled = True
                            break
                if not evt_handled:
>                   self.dialect.do_execute(
                        cursor, str_statement, effective_parameters, context
                    )

backend/.venv/lib/python3.11/site-packages/sqlalchemy/engine/base.py:1967: 
_ _ _ _ _ _ _ _ _ _ _ _ _ _ _ _ _ _ _ _ _ _ _ _ _ _ _ _ _ _ _ _ _ _ _ _ _ _ _ _ 

self = <sqlalchemy.dialects.sqlite.pysqlite.SQLiteDialect_pysqlite object at 0x10ab42ad0>
cursor = <sqlite3.Cursor object at 0x10fb2dbc0>
statement = 'INSERT INTO courts (courtlistener_id, name, jurisdiction, region, location_id) VALUES (?, ?, ?, ?, ?) RETURNING id, created_at, updated_at'
parameters = (None, 'Test Court', 'CA-ON', None, None)
context = <sqlalchemy.dialects.sqlite.base.SQLiteExecutionContext object at 0x10fe07f10>

    def do_execute(self, cursor, statement, parameters, context=None):
>       cursor.execute(statement, parameters)
E       sqlite3.IntegrityError: NOT NULL constraint failed: courts.courtlistener_id

backend/.venv/lib/python3.11/site-packages/sqlalchemy/engine/default.py:952: IntegrityError

The above exception was the direct cause of the following exception:

db_session = <sqlalchemy.orm.session.Session object at 0x10e2cd990>

    @pytest.fixture
    def setup_test_data(db_session: Session):
        """Create test data for safety checks."""
        # Create court
        court = Court(
            name="Test Court",
            jurisdiction="CA-ON",
            court_level="superior",
        )
        db_session.add(court)
>       db_session.flush()

backend/app/tests/test_public_api_safety.py:50: 
_ _ _ _ _ _ _ _ _ _ _ _ _ _ _ _ _ _ _ _ _ _ _ _ _ _ _ _ _ _ _ _ _ _ _ _ _ _ _ _ 
backend/.venv/lib/python3.11/site-packages/sqlalchemy/orm/session.py:4331: in flush
    self._flush(objects)
backend/.venv/lib/python3.11/site-packages/sqlalchemy/orm/session.py:4466: in _flush
    with util.safe_reraise():
backend/.venv/lib/python3.11/site-packages/sqlalchemy/util/langhelpers.py:121: in __exit__
    raise exc_value.with_traceback(exc_tb)
backend/.venv/lib/python3.11/site-packages/sqlalchemy/orm/session.py:4427: in _flush
    flush_context.execute()
backend/.venv/lib/python3.11/site-packages/sqlalchemy/orm/unitofwork.py:466: in execute
    rec.execute(self)
backend/.venv/lib/python3.11/site-packages/sqlalchemy/orm/unitofwork.py:642: in execute
    util.preloaded.orm_persistence.save_obj(
backend/.venv/lib/python3.11/site-packages/sqlalchemy/orm/persistence.py:93: in save_obj
    _emit_insert_statements(
backend/.venv/lib/python3.11/site-packages/sqlalchemy/orm/persistence.py:1233: in _emit_insert_statements
    result = connection.execute(
backend/.venv/lib/python3.11/site-packages/sqlalchemy/engine/base.py:1419: in execute
    return meth(
backend/.venv/lib/python3.11/site-packages/sqlalchemy/sql/elements.py:527: in _execute_on_connection
    return connection._execute_clauseelement(
backend/.venv/lib/python3.11/site-packages/sqlalchemy/engine/base.py:1641: in _execute_clauseelement
    ret = self._execute_context(
backend/.venv/lib/python3.11/site-packages/sqlalchemy/engine/base.py:1846: in _execute_context
    return self._exec_single_context(
backend/.venv/lib/python3.11/site-packages/sqlalchemy/engine/base.py:1986: in _exec_single_context
    self._handle_dbapi_exception(
backend/.venv/lib/python3.11/site-packages/sqlalchemy/engine/base.py:2363: in _handle_dbapi_exception
    raise sqlalchemy_exception.with_traceback(exc_info[2]) from e
backend/.venv/lib/python3.11/site-packages/sqlalchemy/engine/base.py:1967: in _exec_single_context
    self.dialect.do_execute(
_ _ _ _ _ _ _ _ _ _ _ _ _ _ _ _ _ _ _ _ _ _ _ _ _ _ _ _ _ _ _ _ _ _ _ _ _ _ _ _ 

self = <sqlalchemy.dialects.sqlite.pysqlite.SQLiteDialect_pysqlite object at 0x10ab42ad0>
cursor = <sqlite3.Cursor object at 0x10fb2dbc0>
statement = 'INSERT INTO courts (courtlistener_id, name, jurisdiction, region, location_id) VALUES (?, ?, ?, ?, ?) RETURNING id, created_at, updated_at'
parameters = (None, 'Test Court', 'CA-ON', None, None)
context = <sqlalchemy.dialects.sqlite.base.SQLiteExecutionContext object at 0x10fe07f10>

    def do_execute(self, cursor, statement, parameters, context=None):
>       cursor.execute(statement, parameters)
E       sqlalchemy.exc.IntegrityError: (sqlite3.IntegrityError) NOT NULL constraint failed: courts.courtlistener_id
E       [SQL: INSERT INTO courts (courtlistener_id, name, jurisdiction, region, location_id) VALUES (?, ?, ?, ?, ?) RETURNING id, created_at, updated_at]
E       [parameters: (None, 'Test Court', 'CA-ON', None, None)]
E       (Background on this error at: https://sqlalche.me/e/20/gkpj)

backend/.venv/lib/python3.11/site-packages/sqlalchemy/engine/default.py:952: IntegrityError
___ ERROR at setup of test_list_judges_excludes_judges_without_public_events ___

self = <sqlalchemy.engine.base.Connection object at 0x10e3d1b50>
dialect = <sqlalchemy.dialects.sqlite.pysqlite.SQLiteDialect_pysqlite object at 0x10ab42ad0>
context = <sqlalchemy.dialects.sqlite.base.SQLiteExecutionContext object at 0x10ee67d10>
statement = <sqlalchemy.dialects.sqlite.base.SQLiteCompiler object at 0x10fe07610>
parameters = [(None, 'Test Court', 'CA-ON', None, None)]

    def _exec_single_context(
        self,
        dialect: Dialect,
        context: ExecutionContext,
        statement: Union[str, Compiled],
        parameters: Optional[_AnyMultiExecuteParams],
    ) -> CursorResult[Any]:
        """continue the _execute_context() method for a single DBAPI
        cursor.execute() or cursor.executemany() call.
    
        """
        if dialect.bind_typing is BindTyping.SETINPUTSIZES:
            generic_setinputsizes = context._prepare_set_input_sizes()
    
            if generic_setinputsizes:
                try:
                    dialect.do_set_input_sizes(
                        context.cursor, generic_setinputsizes, context
                    )
                except BaseException as e:
                    self._handle_dbapi_exception(
                        e, str(statement), parameters, None, context
                    )
    
        cursor, str_statement, parameters = (
            context.cursor,
            context.statement,
            context.parameters,
        )
    
        effective_parameters: Optional[_AnyExecuteParams]
    
        if not context.executemany:
            effective_parameters = parameters[0]
        else:
            effective_parameters = parameters
    
        if self._has_events or self.engine._has_events:
            for fn in self.dispatch.before_cursor_execute:
                str_statement, effective_parameters = fn(
                    self,
                    cursor,
                    str_statement,
                    effective_parameters,
                    context,
                    context.executemany,
                )
    
        if self._echo:
            self._log_info(str_statement)
    
            stats = context._get_cache_stats()
    
            if not self.engine.hide_parameters:
                self._log_info(
                    "[%s] %r",
                    stats,
                    sql_util._repr_params(
                        effective_parameters,
                        batches=10,
                        ismulti=context.executemany,
                    ),
                )
            else:
                self._log_info(
                    "[%s] [SQL parameters hidden due to hide_parameters=True]",
                    stats,
                )
    
        evt_handled: bool = False
        try:
            if context.execute_style is ExecuteStyle.EXECUTEMANY:
                effective_parameters = cast(
                    "_CoreMultiExecuteParams", effective_parameters
                )
                if self.dialect._has_events:
                    for fn in self.dialect.dispatch.do_executemany:
                        if fn(
                            cursor,
                            str_statement,
                            effective_parameters,
                            context,
                        ):
                            evt_handled = True
                            break
                if not evt_handled:
                    self.dialect.do_executemany(
                        cursor,
                        str_statement,
                        effective_parameters,
                        context,
                    )
            elif not effective_parameters and context.no_parameters:
                if self.dialect._has_events:
                    for fn in self.dialect.dispatch.do_execute_no_params:
                        if fn(cursor, str_statement, context):
                            evt_handled = True
                            break
                if not evt_handled:
                    self.dialect.do_execute_no_params(
                        cursor, str_statement, context
                    )
            else:
                effective_parameters = cast(
                    "_CoreSingleExecuteParams", effective_parameters
                )
                if self.dialect._has_events:
                    for fn in self.dialect.dispatch.do_execute:
                        if fn(
                            cursor,
                            str_statement,
                            effective_parameters,
                            context,
                        ):
                            evt_handled = True
                            break
                if not evt_handled:
>                   self.dialect.do_execute(
                        cursor, str_statement, effective_parameters, context
                    )

backend/.venv/lib/python3.11/site-packages/sqlalchemy/engine/base.py:1967: 
_ _ _ _ _ _ _ _ _ _ _ _ _ _ _ _ _ _ _ _ _ _ _ _ _ _ _ _ _ _ _ _ _ _ _ _ _ _ _ _ 

self = <sqlalchemy.dialects.sqlite.pysqlite.SQLiteDialect_pysqlite object at 0x10ab42ad0>
cursor = <sqlite3.Cursor object at 0x10f7c6fc0>
statement = 'INSERT INTO courts (courtlistener_id, name, jurisdiction, region, location_id) VALUES (?, ?, ?, ?, ?) RETURNING id, created_at, updated_at'
parameters = (None, 'Test Court', 'CA-ON', None, None)
context = <sqlalchemy.dialects.sqlite.base.SQLiteExecutionContext object at 0x10ee67d10>

    def do_execute(self, cursor, statement, parameters, context=None):
>       cursor.execute(statement, parameters)
E       sqlite3.IntegrityError: NOT NULL constraint failed: courts.courtlistener_id

backend/.venv/lib/python3.11/site-packages/sqlalchemy/engine/default.py:952: IntegrityError

The above exception was the direct cause of the following exception:

db_session = <sqlalchemy.orm.session.Session object at 0x10ecf4d50>

    @pytest.fixture
    def setup_test_data(db_session: Session):
        """Create test data for safety checks."""
        # Create court
        court = Court(
            name="Test Court",
            jurisdiction="CA-ON",
            court_level="superior",
        )
        db_session.add(court)
>       db_session.flush()

backend/app/tests/test_public_api_safety.py:50: 
_ _ _ _ _ _ _ _ _ _ _ _ _ _ _ _ _ _ _ _ _ _ _ _ _ _ _ _ _ _ _ _ _ _ _ _ _ _ _ _ 
backend/.venv/lib/python3.11/site-packages/sqlalchemy/orm/session.py:4331: in flush
    self._flush(objects)
backend/.venv/lib/python3.11/site-packages/sqlalchemy/orm/session.py:4466: in _flush
    with util.safe_reraise():
backend/.venv/lib/python3.11/site-packages/sqlalchemy/util/langhelpers.py:121: in __exit__
    raise exc_value.with_traceback(exc_tb)
backend/.venv/lib/python3.11/site-packages/sqlalchemy/orm/session.py:4427: in _flush
    flush_context.execute()
backend/.venv/lib/python3.11/site-packages/sqlalchemy/orm/unitofwork.py:466: in execute
    rec.execute(self)
backend/.venv/lib/python3.11/site-packages/sqlalchemy/orm/unitofwork.py:642: in execute
    util.preloaded.orm_persistence.save_obj(
backend/.venv/lib/python3.11/site-packages/sqlalchemy/orm/persistence.py:93: in save_obj
    _emit_insert_statements(
backend/.venv/lib/python3.11/site-packages/sqlalchemy/orm/persistence.py:1233: in _emit_insert_statements
    result = connection.execute(
backend/.venv/lib/python3.11/site-packages/sqlalchemy/engine/base.py:1419: in execute
    return meth(
backend/.venv/lib/python3.11/site-packages/sqlalchemy/sql/elements.py:527: in _execute_on_connection
    return connection._execute_clauseelement(
backend/.venv/lib/python3.11/site-packages/sqlalchemy/engine/base.py:1641: in _execute_clauseelement
    ret = self._execute_context(
backend/.venv/lib/python3.11/site-packages/sqlalchemy/engine/base.py:1846: in _execute_context
    return self._exec_single_context(
backend/.venv/lib/python3.11/site-packages/sqlalchemy/engine/base.py:1986: in _exec_single_context
    self._handle_dbapi_exception(
backend/.venv/lib/python3.11/site-packages/sqlalchemy/engine/base.py:2363: in _handle_dbapi_exception
    raise sqlalchemy_exception.with_traceback(exc_info[2]) from e
backend/.venv/lib/python3.11/site-packages/sqlalchemy/engine/base.py:1967: in _exec_single_context
    self.dialect.do_execute(
_ _ _ _ _ _ _ _ _ _ _ _ _ _ _ _ _ _ _ _ _ _ _ _ _ _ _ _ _ _ _ _ _ _ _ _ _ _ _ _ 

self = <sqlalchemy.dialects.sqlite.pysqlite.SQLiteDialect_pysqlite object at 0x10ab42ad0>
cursor = <sqlite3.Cursor object at 0x10f7c6fc0>
statement = 'INSERT INTO courts (courtlistener_id, name, jurisdiction, region, location_id) VALUES (?, ?, ?, ?, ?) RETURNING id, created_at, updated_at'
parameters = (None, 'Test Court', 'CA-ON', None, None)
context = <sqlalchemy.dialects.sqlite.base.SQLiteExecutionContext object at 0x10ee67d10>

    def do_execute(self, cursor, statement, parameters, context=None):
>       cursor.execute(statement, parameters)
E       sqlalchemy.exc.IntegrityError: (sqlite3.IntegrityError) NOT NULL constraint failed: courts.courtlistener_id
E       [SQL: INSERT INTO courts (courtlistener_id, name, jurisdiction, region, location_id) VALUES (?, ?, ?, ?, ?) RETURNING id, created_at, updated_at]
E       [parameters: (None, 'Test Court', 'CA-ON', None, None)]
E       (Background on this error at: https://sqlalche.me/e/20/gkpj)

backend/.venv/lib/python3.11/site-packages/sqlalchemy/engine/default.py:952: IntegrityError
_ ERROR at setup of test_get_judge_returns_404_for_judge_without_public_events _

self = <sqlalchemy.engine.base.Connection object at 0x10fdf56d0>
dialect = <sqlalchemy.dialects.sqlite.pysqlite.SQLiteDialect_pysqlite object at 0x10ab42ad0>
context = <sqlalchemy.dialects.sqlite.base.SQLiteExecutionContext object at 0x10fdf4f90>
statement = <sqlalchemy.dialects.sqlite.base.SQLiteCompiler object at 0x10fe07610>
parameters = [(None, 'Test Court', 'CA-ON', None, None)]

    def _exec_single_context(
        self,
        dialect: Dialect,
        context: ExecutionContext,
        statement: Union[str, Compiled],
        parameters: Optional[_AnyMultiExecuteParams],
    ) -> CursorResult[Any]:
        """continue the _execute_context() method for a single DBAPI
        cursor.execute() or cursor.executemany() call.
    
        """
        if dialect.bind_typing is BindTyping.SETINPUTSIZES:
            generic_setinputsizes = context._prepare_set_input_sizes()
    
            if generic_setinputsizes:
                try:
                    dialect.do_set_input_sizes(
                        context.cursor, generic_setinputsizes, context
                    )
                except BaseException as e:
                    self._handle_dbapi_exception(
                        e, str(statement), parameters, None, context
                    )
    
        cursor, str_statement, parameters = (
            context.cursor,
            context.statement,
            context.parameters,
        )
    
        effective_parameters: Optional[_AnyExecuteParams]
    
        if not context.executemany:
            effective_parameters = parameters[0]
        else:
            effective_parameters = parameters
    
        if self._has_events or self.engine._has_events:
            for fn in self.dispatch.before_cursor_execute:
                str_statement, effective_parameters = fn(
                    self,
                    cursor,
                    str_statement,
                    effective_parameters,
                    context,
                    context.executemany,
                )
    
        if self._echo:
            self._log_info(str_statement)
    
            stats = context._get_cache_stats()
    
            if not self.engine.hide_parameters:
                self._log_info(
                    "[%s] %r",
                    stats,
                    sql_util._repr_params(
                        effective_parameters,
                        batches=10,
                        ismulti=context.executemany,
                    ),
                )
            else:
                self._log_info(
                    "[%s] [SQL parameters hidden due to hide_parameters=True]",
                    stats,
                )
    
        evt_handled: bool = False
        try:
            if context.execute_style is ExecuteStyle.EXECUTEMANY:
                effective_parameters = cast(
                    "_CoreMultiExecuteParams", effective_parameters
                )
                if self.dialect._has_events:
                    for fn in self.dialect.dispatch.do_executemany:
                        if fn(
                            cursor,
                            str_statement,
                            effective_parameters,
                            context,
                        ):
                            evt_handled = True
                            break
                if not evt_handled:
                    self.dialect.do_executemany(
                        cursor,
                        str_statement,
                        effective_parameters,
                        context,
                    )
            elif not effective_parameters and context.no_parameters:
                if self.dialect._has_events:
                    for fn in self.dialect.dispatch.do_execute_no_params:
                        if fn(cursor, str_statement, context):
                            evt_handled = True
                            break
                if not evt_handled:
                    self.dialect.do_execute_no_params(
                        cursor, str_statement, context
                    )
            else:
                effective_parameters = cast(
                    "_CoreSingleExecuteParams", effective_parameters
                )
                if self.dialect._has_events:
                    for fn in self.dialect.dispatch.do_execute:
                        if fn(
                            cursor,
                            str_statement,
                            effective_parameters,
                            context,
                        ):
                            evt_handled = True
                            break
                if not evt_handled:
>                   self.dialect.do_execute(
                        cursor, str_statement, effective_parameters, context
                    )

backend/.venv/lib/python3.11/site-packages/sqlalchemy/engine/base.py:1967: 
_ _ _ _ _ _ _ _ _ _ _ _ _ _ _ _ _ _ _ _ _ _ _ _ _ _ _ _ _ _ _ _ _ _ _ _ _ _ _ _ 

self = <sqlalchemy.dialects.sqlite.pysqlite.SQLiteDialect_pysqlite object at 0x10ab42ad0>
cursor = <sqlite3.Cursor object at 0x10fd63040>
statement = 'INSERT INTO courts (courtlistener_id, name, jurisdiction, region, location_id) VALUES (?, ?, ?, ?, ?) RETURNING id, created_at, updated_at'
parameters = (None, 'Test Court', 'CA-ON', None, None)
context = <sqlalchemy.dialects.sqlite.base.SQLiteExecutionContext object at 0x10fdf4f90>

    def do_execute(self, cursor, statement, parameters, context=None):
>       cursor.execute(statement, parameters)
E       sqlite3.IntegrityError: NOT NULL constraint failed: courts.courtlistener_id

backend/.venv/lib/python3.11/site-packages/sqlalchemy/engine/default.py:952: IntegrityError

The above exception was the direct cause of the following exception:

db_session = <sqlalchemy.orm.session.Session object at 0x10fdf4910>

    @pytest.fixture
    def setup_test_data(db_session: Session):
        """Create test data for safety checks."""
        # Create court
        court = Court(
            name="Test Court",
            jurisdiction="CA-ON",
            court_level="superior",
        )
        db_session.add(court)
>       db_session.flush()

backend/app/tests/test_public_api_safety.py:50: 
_ _ _ _ _ _ _ _ _ _ _ _ _ _ _ _ _ _ _ _ _ _ _ _ _ _ _ _ _ _ _ _ _ _ _ _ _ _ _ _ 
backend/.venv/lib/python3.11/site-packages/sqlalchemy/orm/session.py:4331: in flush
    self._flush(objects)
backend/.venv/lib/python3.11/site-packages/sqlalchemy/orm/session.py:4466: in _flush
    with util.safe_reraise():
backend/.venv/lib/python3.11/site-packages/sqlalchemy/util/langhelpers.py:121: in __exit__
    raise exc_value.with_traceback(exc_tb)
backend/.venv/lib/python3.11/site-packages/sqlalchemy/orm/session.py:4427: in _flush
    flush_context.execute()
backend/.venv/lib/python3.11/site-packages/sqlalchemy/orm/unitofwork.py:466: in execute
    rec.execute(self)
backend/.venv/lib/python3.11/site-packages/sqlalchemy/orm/unitofwork.py:642: in execute
    util.preloaded.orm_persistence.save_obj(
backend/.venv/lib/python3.11/site-packages/sqlalchemy/orm/persistence.py:93: in save_obj
    _emit_insert_statements(
backend/.venv/lib/python3.11/site-packages/sqlalchemy/orm/persistence.py:1233: in _emit_insert_statements
    result = connection.execute(
backend/.venv/lib/python3.11/site-packages/sqlalchemy/engine/base.py:1419: in execute
    return meth(
backend/.venv/lib/python3.11/site-packages/sqlalchemy/sql/elements.py:527: in _execute_on_connection
    return connection._execute_clauseelement(
backend/.venv/lib/python3.11/site-packages/sqlalchemy/engine/base.py:1641: in _execute_clauseelement
    ret = self._execute_context(
backend/.venv/lib/python3.11/site-packages/sqlalchemy/engine/base.py:1846: in _execute_context
    return self._exec_single_context(
backend/.venv/lib/python3.11/site-packages/sqlalchemy/engine/base.py:1986: in _exec_single_context
    self._handle_dbapi_exception(
backend/.venv/lib/python3.11/site-packages/sqlalchemy/engine/base.py:2363: in _handle_dbapi_exception
    raise sqlalchemy_exception.with_traceback(exc_info[2]) from e
backend/.venv/lib/python3.11/site-packages/sqlalchemy/engine/base.py:1967: in _exec_single_context
    self.dialect.do_execute(
_ _ _ _ _ _ _ _ _ _ _ _ _ _ _ _ _ _ _ _ _ _ _ _ _ _ _ _ _ _ _ _ _ _ _ _ _ _ _ _ 

self = <sqlalchemy.dialects.sqlite.pysqlite.SQLiteDialect_pysqlite object at 0x10ab42ad0>
cursor = <sqlite3.Cursor object at 0x10fd63040>
statement = 'INSERT INTO courts (courtlistener_id, name, jurisdiction, region, location_id) VALUES (?, ?, ?, ?, ?) RETURNING id, created_at, updated_at'
parameters = (None, 'Test Court', 'CA-ON', None, None)
context = <sqlalchemy.dialects.sqlite.base.SQLiteExecutionContext object at 0x10fdf4f90>

    def do_execute(self, cursor, statement, parameters, context=None):
>       cursor.execute(statement, parameters)
E       sqlalchemy.exc.IntegrityError: (sqlite3.IntegrityError) NOT NULL constraint failed: courts.courtlistener_id
E       [SQL: INSERT INTO courts (courtlistener_id, name, jurisdiction, region, location_id) VALUES (?, ?, ?, ?, ?) RETURNING id, created_at, updated_at]
E       [parameters: (None, 'Test Court', 'CA-ON', None, None)]
E       (Background on this error at: https://sqlalche.me/e/20/gkpj)

backend/.venv/lib/python3.11/site-packages/sqlalchemy/engine/default.py:952: IntegrityError
____ ERROR at setup of test_list_cases_excludes_cases_without_public_events ____

self = <sqlalchemy.engine.base.Connection object at 0x10f8c6bd0>
dialect = <sqlalchemy.dialects.sqlite.pysqlite.SQLiteDialect_pysqlite object at 0x10ab42ad0>
context = <sqlalchemy.dialects.sqlite.base.SQLiteExecutionContext object at 0x10f8c4210>
statement = <sqlalchemy.dialects.sqlite.base.SQLiteCompiler object at 0x10fe07610>
parameters = [(None, 'Test Court', 'CA-ON', None, None)]

    def _exec_single_context(
        self,
        dialect: Dialect,
        context: ExecutionContext,
        statement: Union[str, Compiled],
        parameters: Optional[_AnyMultiExecuteParams],
    ) -> CursorResult[Any]:
        """continue the _execute_context() method for a single DBAPI
        cursor.execute() or cursor.executemany() call.
    
        """
        if dialect.bind_typing is BindTyping.SETINPUTSIZES:
            generic_setinputsizes = context._prepare_set_input_sizes()
    
            if generic_setinputsizes:
                try:
                    dialect.do_set_input_sizes(
                        context.cursor, generic_setinputsizes, context
                    )
                except BaseException as e:
                    self._handle_dbapi_exception(
                        e, str(statement), parameters, None, context
                    )
    
        cursor, str_statement, parameters = (
            context.cursor,
            context.statement,
            context.parameters,
        )
    
        effective_parameters: Optional[_AnyExecuteParams]
    
        if not context.executemany:
            effective_parameters = parameters[0]
        else:
            effective_parameters = parameters
    
        if self._has_events or self.engine._has_events:
            for fn in self.dispatch.before_cursor_execute:
                str_statement, effective_parameters = fn(
                    self,
                    cursor,
                    str_statement,
                    effective_parameters,
                    context,
                    context.executemany,
                )
    
        if self._echo:
            self._log_info(str_statement)
    
            stats = context._get_cache_stats()
    
            if not self.engine.hide_parameters:
                self._log_info(
                    "[%s] %r",
                    stats,
                    sql_util._repr_params(
                        effective_parameters,
                        batches=10,
                        ismulti=context.executemany,
                    ),
                )
            else:
                self._log_info(
                    "[%s] [SQL parameters hidden due to hide_parameters=True]",
                    stats,
                )
    
        evt_handled: bool = False
        try:
            if context.execute_style is ExecuteStyle.EXECUTEMANY:
                effective_parameters = cast(
                    "_CoreMultiExecuteParams", effective_parameters
                )
                if self.dialect._has_events:
                    for fn in self.dialect.dispatch.do_executemany:
                        if fn(
                            cursor,
                            str_statement,
                            effective_parameters,
                            context,
                        ):
                            evt_handled = True
                            break
                if not evt_handled:
                    self.dialect.do_executemany(
                        cursor,
                        str_statement,
                        effective_parameters,
                        context,
                    )
            elif not effective_parameters and context.no_parameters:
                if self.dialect._has_events:
                    for fn in self.dialect.dispatch.do_execute_no_params:
                        if fn(cursor, str_statement, context):
                            evt_handled = True
                            break
                if not evt_handled:
                    self.dialect.do_execute_no_params(
                        cursor, str_statement, context
                    )
            else:
                effective_parameters = cast(
                    "_CoreSingleExecuteParams", effective_parameters
                )
                if self.dialect._has_events:
                    for fn in self.dialect.dispatch.do_execute:
                        if fn(
                            cursor,
                            str_statement,
                            effective_parameters,
                            context,
                        ):
                            evt_handled = True
                            break
                if not evt_handled:
>                   self.dialect.do_execute(
                        cursor, str_statement, effective_parameters, context
                    )

backend/.venv/lib/python3.11/site-packages/sqlalchemy/engine/base.py:1967: 
_ _ _ _ _ _ _ _ _ _ _ _ _ _ _ _ _ _ _ _ _ _ _ _ _ _ _ _ _ _ _ _ _ _ _ _ _ _ _ _ 

self = <sqlalchemy.dialects.sqlite.pysqlite.SQLiteDialect_pysqlite object at 0x10ab42ad0>
cursor = <sqlite3.Cursor object at 0x10f74dec0>
statement = 'INSERT INTO courts (courtlistener_id, name, jurisdiction, region, location_id) VALUES (?, ?, ?, ?, ?) RETURNING id, created_at, updated_at'
parameters = (None, 'Test Court', 'CA-ON', None, None)
context = <sqlalchemy.dialects.sqlite.base.SQLiteExecutionContext object at 0x10f8c4210>

    def do_execute(self, cursor, statement, parameters, context=None):
>       cursor.execute(statement, parameters)
E       sqlite3.IntegrityError: NOT NULL constraint failed: courts.courtlistener_id

backend/.venv/lib/python3.11/site-packages/sqlalchemy/engine/default.py:952: IntegrityError

The above exception was the direct cause of the following exception:

db_session = <sqlalchemy.orm.session.Session object at 0x10f8c7bd0>

    @pytest.fixture
    def setup_test_data(db_session: Session):
        """Create test data for safety checks."""
        # Create court
        court = Court(
            name="Test Court",
            jurisdiction="CA-ON",
            court_level="superior",
        )
        db_session.add(court)
>       db_session.flush()

backend/app/tests/test_public_api_safety.py:50: 
_ _ _ _ _ _ _ _ _ _ _ _ _ _ _ _ _ _ _ _ _ _ _ _ _ _ _ _ _ _ _ _ _ _ _ _ _ _ _ _ 
backend/.venv/lib/python3.11/site-packages/sqlalchemy/orm/session.py:4331: in flush
    self._flush(objects)
backend/.venv/lib/python3.11/site-packages/sqlalchemy/orm/session.py:4466: in _flush
    with util.safe_reraise():
backend/.venv/lib/python3.11/site-packages/sqlalchemy/util/langhelpers.py:121: in __exit__
    raise exc_value.with_traceback(exc_tb)
backend/.venv/lib/python3.11/site-packages/sqlalchemy/orm/session.py:4427: in _flush
    flush_context.execute()
backend/.venv/lib/python3.11/site-packages/sqlalchemy/orm/unitofwork.py:466: in execute
    rec.execute(self)
backend/.venv/lib/python3.11/site-packages/sqlalchemy/orm/unitofwork.py:642: in execute
    util.preloaded.orm_persistence.save_obj(
backend/.venv/lib/python3.11/site-packages/sqlalchemy/orm/persistence.py:93: in save_obj
    _emit_insert_statements(
backend/.venv/lib/python3.11/site-packages/sqlalchemy/orm/persistence.py:1233: in _emit_insert_statements
    result = connection.execute(
backend/.venv/lib/python3.11/site-packages/sqlalchemy/engine/base.py:1419: in execute
    return meth(
backend/.venv/lib/python3.11/site-packages/sqlalchemy/sql/elements.py:527: in _execute_on_connection
    return connection._execute_clauseelement(
backend/.venv/lib/python3.11/site-packages/sqlalchemy/engine/base.py:1641: in _execute_clauseelement
    ret = self._execute_context(
backend/.venv/lib/python3.11/site-packages/sqlalchemy/engine/base.py:1846: in _execute_context
    return self._exec_single_context(
backend/.venv/lib/python3.11/site-packages/sqlalchemy/engine/base.py:1986: in _exec_single_context
    self._handle_dbapi_exception(
backend/.venv/lib/python3.11/site-packages/sqlalchemy/engine/base.py:2363: in _handle_dbapi_exception
    raise sqlalchemy_exception.with_traceback(exc_info[2]) from e
backend/.venv/lib/python3.11/site-packages/sqlalchemy/engine/base.py:1967: in _exec_single_context
    self.dialect.do_execute(
_ _ _ _ _ _ _ _ _ _ _ _ _ _ _ _ _ _ _ _ _ _ _ _ _ _ _ _ _ _ _ _ _ _ _ _ _ _ _ _ 

self = <sqlalchemy.dialects.sqlite.pysqlite.SQLiteDialect_pysqlite object at 0x10ab42ad0>
cursor = <sqlite3.Cursor object at 0x10f74dec0>
statement = 'INSERT INTO courts (courtlistener_id, name, jurisdiction, region, location_id) VALUES (?, ?, ?, ?, ?) RETURNING id, created_at, updated_at'
parameters = (None, 'Test Court', 'CA-ON', None, None)
context = <sqlalchemy.dialects.sqlite.base.SQLiteExecutionContext object at 0x10f8c4210>

    def do_execute(self, cursor, statement, parameters, context=None):
>       cursor.execute(statement, parameters)
E       sqlalchemy.exc.IntegrityError: (sqlite3.IntegrityError) NOT NULL constraint failed: courts.courtlistener_id
E       [SQL: INSERT INTO courts (courtlistener_id, name, jurisdiction, region, location_id) VALUES (?, ?, ?, ?, ?) RETURNING id, created_at, updated_at]
E       [parameters: (None, 'Test Court', 'CA-ON', None, None)]
E       (Background on this error at: https://sqlalche.me/e/20/gkpj)

backend/.venv/lib/python3.11/site-packages/sqlalchemy/engine/default.py:952: IntegrityError
__ ERROR at setup of test_get_case_returns_404_for_case_without_public_events __

self = <sqlalchemy.engine.base.Connection object at 0x10f72d750>
dialect = <sqlalchemy.dialects.sqlite.pysqlite.SQLiteDialect_pysqlite object at 0x10ab42ad0>
context = <sqlalchemy.dialects.sqlite.base.SQLiteExecutionContext object at 0x10f72de10>
statement = <sqlalchemy.dialects.sqlite.base.SQLiteCompiler object at 0x10fe07610>
parameters = [(None, 'Test Court', 'CA-ON', None, None)]

    def _exec_single_context(
        self,
        dialect: Dialect,
        context: ExecutionContext,
        statement: Union[str, Compiled],
        parameters: Optional[_AnyMultiExecuteParams],
    ) -> CursorResult[Any]:
        """continue the _execute_context() method for a single DBAPI
        cursor.execute() or cursor.executemany() call.
    
        """
        if dialect.bind_typing is BindTyping.SETINPUTSIZES:
            generic_setinputsizes = context._prepare_set_input_sizes()
    
            if generic_setinputsizes:
                try:
                    dialect.do_set_input_sizes(
                        context.cursor, generic_setinputsizes, context
                    )
                except BaseException as e:
                    self._handle_dbapi_exception(
                        e, str(statement), parameters, None, context
                    )
    
        cursor, str_statement, parameters = (
            context.cursor,
            context.statement,
            context.parameters,
        )
    
        effective_parameters: Optional[_AnyExecuteParams]
    
        if not context.executemany:
            effective_parameters = parameters[0]
        else:
            effective_parameters = parameters
    
        if self._has_events or self.engine._has_events:
            for fn in self.dispatch.before_cursor_execute:
                str_statement, effective_parameters = fn(
                    self,
                    cursor,
                    str_statement,
                    effective_parameters,
                    context,
                    context.executemany,
                )
    
        if self._echo:
            self._log_info(str_statement)
    
            stats = context._get_cache_stats()
    
            if not self.engine.hide_parameters:
                self._log_info(
                    "[%s] %r",
                    stats,
                    sql_util._repr_params(
                        effective_parameters,
                        batches=10,
                        ismulti=context.executemany,
                    ),
                )
            else:
                self._log_info(
                    "[%s] [SQL parameters hidden due to hide_parameters=True]",
                    stats,
                )
    
        evt_handled: bool = False
        try:
            if context.execute_style is ExecuteStyle.EXECUTEMANY:
                effective_parameters = cast(
                    "_CoreMultiExecuteParams", effective_parameters
                )
                if self.dialect._has_events:
                    for fn in self.dialect.dispatch.do_executemany:
                        if fn(
                            cursor,
                            str_statement,
                            effective_parameters,
                            context,
                        ):
                            evt_handled = True
                            break
                if not evt_handled:
                    self.dialect.do_executemany(
                        cursor,
                        str_statement,
                        effective_parameters,
                        context,
                    )
            elif not effective_parameters and context.no_parameters:
                if self.dialect._has_events:
                    for fn in self.dialect.dispatch.do_execute_no_params:
                        if fn(cursor, str_statement, context):
                            evt_handled = True
                            break
                if not evt_handled:
                    self.dialect.do_execute_no_params(
                        cursor, str_statement, context
                    )
            else:
                effective_parameters = cast(
                    "_CoreSingleExecuteParams", effective_parameters
                )
                if self.dialect._has_events:
                    for fn in self.dialect.dispatch.do_execute:
                        if fn(
                            cursor,
                            str_statement,
                            effective_parameters,
                            context,
                        ):
                            evt_handled = True
                            break
                if not evt_handled:
>                   self.dialect.do_execute(
                        cursor, str_statement, effective_parameters, context
                    )

backend/.venv/lib/python3.11/site-packages/sqlalchemy/engine/base.py:1967: 
_ _ _ _ _ _ _ _ _ _ _ _ _ _ _ _ _ _ _ _ _ _ _ _ _ _ _ _ _ _ _ _ _ _ _ _ _ _ _ _ 

self = <sqlalchemy.dialects.sqlite.pysqlite.SQLiteDialect_pysqlite object at 0x10ab42ad0>
cursor = <sqlite3.Cursor object at 0x10f7c6140>
statement = 'INSERT INTO courts (courtlistener_id, name, jurisdiction, region, location_id) VALUES (?, ?, ?, ?, ?) RETURNING id, created_at, updated_at'
parameters = (None, 'Test Court', 'CA-ON', None, None)
context = <sqlalchemy.dialects.sqlite.base.SQLiteExecutionContext object at 0x10f72de10>

    def do_execute(self, cursor, statement, parameters, context=None):
>       cursor.execute(statement, parameters)
E       sqlite3.IntegrityError: NOT NULL constraint failed: courts.courtlistener_id

backend/.venv/lib/python3.11/site-packages/sqlalchemy/engine/default.py:952: IntegrityError

The above exception was the direct cause of the following exception:

db_session = <sqlalchemy.orm.session.Session object at 0x10fa1fed0>

    @pytest.fixture
    def setup_test_data(db_session: Session):
        """Create test data for safety checks."""
        # Create court
        court = Court(
            name="Test Court",
            jurisdiction="CA-ON",
            court_level="superior",
        )
        db_session.add(court)
>       db_session.flush()

backend/app/tests/test_public_api_safety.py:50: 
_ _ _ _ _ _ _ _ _ _ _ _ _ _ _ _ _ _ _ _ _ _ _ _ _ _ _ _ _ _ _ _ _ _ _ _ _ _ _ _ 
backend/.venv/lib/python3.11/site-packages/sqlalchemy/orm/session.py:4331: in flush
    self._flush(objects)
backend/.venv/lib/python3.11/site-packages/sqlalchemy/orm/session.py:4466: in _flush
    with util.safe_reraise():
backend/.venv/lib/python3.11/site-packages/sqlalchemy/util/langhelpers.py:121: in __exit__
    raise exc_value.with_traceback(exc_tb)
backend/.venv/lib/python3.11/site-packages/sqlalchemy/orm/session.py:4427: in _flush
    flush_context.execute()
backend/.venv/lib/python3.11/site-packages/sqlalchemy/orm/unitofwork.py:466: in execute
    rec.execute(self)
backend/.venv/lib/python3.11/site-packages/sqlalchemy/orm/unitofwork.py:642: in execute
    util.preloaded.orm_persistence.save_obj(
backend/.venv/lib/python3.11/site-packages/sqlalchemy/orm/persistence.py:93: in save_obj
    _emit_insert_statements(
backend/.venv/lib/python3.11/site-packages/sqlalchemy/orm/persistence.py:1233: in _emit_insert_statements
    result = connection.execute(
backend/.venv/lib/python3.11/site-packages/sqlalchemy/engine/base.py:1419: in execute
    return meth(
backend/.venv/lib/python3.11/site-packages/sqlalchemy/sql/elements.py:527: in _execute_on_connection
    return connection._execute_clauseelement(
backend/.venv/lib/python3.11/site-packages/sqlalchemy/engine/base.py:1641: in _execute_clauseelement
    ret = self._execute_context(
backend/.venv/lib/python3.11/site-packages/sqlalchemy/engine/base.py:1846: in _execute_context
    return self._exec_single_context(
backend/.venv/lib/python3.11/site-packages/sqlalchemy/engine/base.py:1986: in _exec_single_context
    self._handle_dbapi_exception(
backend/.venv/lib/python3.11/site-packages/sqlalchemy/engine/base.py:2363: in _handle_dbapi_exception
    raise sqlalchemy_exception.with_traceback(exc_info[2]) from e
backend/.venv/lib/python3.11/site-packages/sqlalchemy/engine/base.py:1967: in _exec_single_context
    self.dialect.do_execute(
_ _ _ _ _ _ _ _ _ _ _ _ _ _ _ _ _ _ _ _ _ _ _ _ _ _ _ _ _ _ _ _ _ _ _ _ _ _ _ _ 

self = <sqlalchemy.dialects.sqlite.pysqlite.SQLiteDialect_pysqlite object at 0x10ab42ad0>
cursor = <sqlite3.Cursor object at 0x10f7c6140>
statement = 'INSERT INTO courts (courtlistener_id, name, jurisdiction, region, location_id) VALUES (?, ?, ?, ?, ?) RETURNING id, created_at, updated_at'
parameters = (None, 'Test Court', 'CA-ON', None, None)
context = <sqlalchemy.dialects.sqlite.base.SQLiteExecutionContext object at 0x10f72de10>

    def do_execute(self, cursor, statement, parameters, context=None):
>       cursor.execute(statement, parameters)
E       sqlalchemy.exc.IntegrityError: (sqlite3.IntegrityError) NOT NULL constraint failed: courts.courtlistener_id
E       [SQL: INSERT INTO courts (courtlistener_id, name, jurisdiction, region, location_id) VALUES (?, ?, ?, ?, ?) RETURNING id, created_at, updated_at]
E       [parameters: (None, 'Test Court', 'CA-ON', None, None)]
E       (Background on this error at: https://sqlalche.me/e/20/gkpj)

backend/.venv/lib/python3.11/site-packages/sqlalchemy/engine/default.py:952: IntegrityError
_________ ERROR at setup of test_list_sources_excludes_private_sources _________

self = <sqlalchemy.engine.base.Connection object at 0x10f50b250>
dialect = <sqlalchemy.dialects.sqlite.pysqlite.SQLiteDialect_pysqlite object at 0x10ab42ad0>
context = <sqlalchemy.dialects.sqlite.base.SQLiteExecutionContext object at 0x10f50bad0>
statement = <sqlalchemy.dialects.sqlite.base.SQLiteCompiler object at 0x10fe07610>
parameters = [(None, 'Test Court', 'CA-ON', None, None)]

    def _exec_single_context(
        self,
        dialect: Dialect,
        context: ExecutionContext,
        statement: Union[str, Compiled],
        parameters: Optional[_AnyMultiExecuteParams],
    ) -> CursorResult[Any]:
        """continue the _execute_context() method for a single DBAPI
        cursor.execute() or cursor.executemany() call.
    
        """
        if dialect.bind_typing is BindTyping.SETINPUTSIZES:
            generic_setinputsizes = context._prepare_set_input_sizes()
    
            if generic_setinputsizes:
                try:
                    dialect.do_set_input_sizes(
                        context.cursor, generic_setinputsizes, context
                    )
                except BaseException as e:
                    self._handle_dbapi_exception(
                        e, str(statement), parameters, None, context
                    )
    
        cursor, str_statement, parameters = (
            context.cursor,
            context.statement,
            context.parameters,
        )
    
        effective_parameters: Optional[_AnyExecuteParams]
    
        if not context.executemany:
            effective_parameters = parameters[0]
        else:
            effective_parameters = parameters
    
        if self._has_events or self.engine._has_events:
            for fn in self.dispatch.before_cursor_execute:
                str_statement, effective_parameters = fn(
                    self,
                    cursor,
                    str_statement,
                    effective_parameters,
                    context,
                    context.executemany,
                )
    
        if self._echo:
            self._log_info(str_statement)
    
            stats = context._get_cache_stats()
    
            if not self.engine.hide_parameters:
                self._log_info(
                    "[%s] %r",
                    stats,
                    sql_util._repr_params(
                        effective_parameters,
                        batches=10,
                        ismulti=context.executemany,
                    ),
                )
            else:
                self._log_info(
                    "[%s] [SQL parameters hidden due to hide_parameters=True]",
                    stats,
                )
    
        evt_handled: bool = False
        try:
            if context.execute_style is ExecuteStyle.EXECUTEMANY:
                effective_parameters = cast(
                    "_CoreMultiExecuteParams", effective_parameters
                )
                if self.dialect._has_events:
                    for fn in self.dialect.dispatch.do_executemany:
                        if fn(
                            cursor,
                            str_statement,
                            effective_parameters,
                            context,
                        ):
                            evt_handled = True
                            break
                if not evt_handled:
                    self.dialect.do_executemany(
                        cursor,
                        str_statement,
                        effective_parameters,
                        context,
                    )
            elif not effective_parameters and context.no_parameters:
                if self.dialect._has_events:
                    for fn in self.dialect.dispatch.do_execute_no_params:
                        if fn(cursor, str_statement, context):
                            evt_handled = True
                            break
                if not evt_handled:
                    self.dialect.do_execute_no_params(
                        cursor, str_statement, context
                    )
            else:
                effective_parameters = cast(
                    "_CoreSingleExecuteParams", effective_parameters
                )
                if self.dialect._has_events:
                    for fn in self.dialect.dispatch.do_execute:
                        if fn(
                            cursor,
                            str_statement,
                            effective_parameters,
                            context,
                        ):
                            evt_handled = True
                            break
                if not evt_handled:
>                   self.dialect.do_execute(
                        cursor, str_statement, effective_parameters, context
                    )

backend/.venv/lib/python3.11/site-packages/sqlalchemy/engine/base.py:1967: 
_ _ _ _ _ _ _ _ _ _ _ _ _ _ _ _ _ _ _ _ _ _ _ _ _ _ _ _ _ _ _ _ _ _ _ _ _ _ _ _ 

self = <sqlalchemy.dialects.sqlite.pysqlite.SQLiteDialect_pysqlite object at 0x10ab42ad0>
cursor = <sqlite3.Cursor object at 0x10f3478c0>
statement = 'INSERT INTO courts (courtlistener_id, name, jurisdiction, region, location_id) VALUES (?, ?, ?, ?, ?) RETURNING id, created_at, updated_at'
parameters = (None, 'Test Court', 'CA-ON', None, None)
context = <sqlalchemy.dialects.sqlite.base.SQLiteExecutionContext object at 0x10f50bad0>

    def do_execute(self, cursor, statement, parameters, context=None):
>       cursor.execute(statement, parameters)
E       sqlite3.IntegrityError: NOT NULL constraint failed: courts.courtlistener_id

backend/.venv/lib/python3.11/site-packages/sqlalchemy/engine/default.py:952: IntegrityError

The above exception was the direct cause of the following exception:

db_session = <sqlalchemy.orm.session.Session object at 0x10ebba950>

    @pytest.fixture
    def setup_test_data(db_session: Session):
        """Create test data for safety checks."""
        # Create court
        court = Court(
            name="Test Court",
            jurisdiction="CA-ON",
            court_level="superior",
        )
        db_session.add(court)
>       db_session.flush()

backend/app/tests/test_public_api_safety.py:50: 
_ _ _ _ _ _ _ _ _ _ _ _ _ _ _ _ _ _ _ _ _ _ _ _ _ _ _ _ _ _ _ _ _ _ _ _ _ _ _ _ 
backend/.venv/lib/python3.11/site-packages/sqlalchemy/orm/session.py:4331: in flush
    self._flush(objects)
backend/.venv/lib/python3.11/site-packages/sqlalchemy/orm/session.py:4466: in _flush
    with util.safe_reraise():
backend/.venv/lib/python3.11/site-packages/sqlalchemy/util/langhelpers.py:121: in __exit__
    raise exc_value.with_traceback(exc_tb)
backend/.venv/lib/python3.11/site-packages/sqlalchemy/orm/session.py:4427: in _flush
    flush_context.execute()
backend/.venv/lib/python3.11/site-packages/sqlalchemy/orm/unitofwork.py:466: in execute
    rec.execute(self)
backend/.venv/lib/python3.11/site-packages/sqlalchemy/orm/unitofwork.py:642: in execute
    util.preloaded.orm_persistence.save_obj(
backend/.venv/lib/python3.11/site-packages/sqlalchemy/orm/persistence.py:93: in save_obj
    _emit_insert_statements(
backend/.venv/lib/python3.11/site-packages/sqlalchemy/orm/persistence.py:1233: in _emit_insert_statements
    result = connection.execute(
backend/.venv/lib/python3.11/site-packages/sqlalchemy/engine/base.py:1419: in execute
    return meth(
backend/.venv/lib/python3.11/site-packages/sqlalchemy/sql/elements.py:527: in _execute_on_connection
    return connection._execute_clauseelement(
backend/.venv/lib/python3.11/site-packages/sqlalchemy/engine/base.py:1641: in _execute_clauseelement
    ret = self._execute_context(
backend/.venv/lib/python3.11/site-packages/sqlalchemy/engine/base.py:1846: in _execute_context
    return self._exec_single_context(
backend/.venv/lib/python3.11/site-packages/sqlalchemy/engine/base.py:1986: in _exec_single_context
    self._handle_dbapi_exception(
backend/.venv/lib/python3.11/site-packages/sqlalchemy/engine/base.py:2363: in _handle_dbapi_exception
    raise sqlalchemy_exception.with_traceback(exc_info[2]) from e
backend/.venv/lib/python3.11/site-packages/sqlalchemy/engine/base.py:1967: in _exec_single_context
    self.dialect.do_execute(
_ _ _ _ _ _ _ _ _ _ _ _ _ _ _ _ _ _ _ _ _ _ _ _ _ _ _ _ _ _ _ _ _ _ _ _ _ _ _ _ 

self = <sqlalchemy.dialects.sqlite.pysqlite.SQLiteDialect_pysqlite object at 0x10ab42ad0>
cursor = <sqlite3.Cursor object at 0x10f3478c0>
statement = 'INSERT INTO courts (courtlistener_id, name, jurisdiction, region, location_id) VALUES (?, ?, ?, ?, ?) RETURNING id, created_at, updated_at'
parameters = (None, 'Test Court', 'CA-ON', None, None)
context = <sqlalchemy.dialects.sqlite.base.SQLiteExecutionContext object at 0x10f50bad0>

    def do_execute(self, cursor, statement, parameters, context=None):
>       cursor.execute(statement, parameters)
E       sqlalchemy.exc.IntegrityError: (sqlite3.IntegrityError) NOT NULL constraint failed: courts.courtlistener_id
E       [SQL: INSERT INTO courts (courtlistener_id, name, jurisdiction, region, location_id) VALUES (?, ?, ?, ?, ?) RETURNING id, created_at, updated_at]
E       [parameters: (None, 'Test Court', 'CA-ON', None, None)]
E       (Background on this error at: https://sqlalche.me/e/20/gkpj)

backend/.venv/lib/python3.11/site-packages/sqlalchemy/engine/default.py:952: IntegrityError
_______ ERROR at setup of test_get_source_returns_404_for_private_source _______

self = <sqlalchemy.engine.base.Connection object at 0x10f218610>
dialect = <sqlalchemy.dialects.sqlite.pysqlite.SQLiteDialect_pysqlite object at 0x10ab42ad0>
context = <sqlalchemy.dialects.sqlite.base.SQLiteExecutionContext object at 0x10f21b210>
statement = <sqlalchemy.dialects.sqlite.base.SQLiteCompiler object at 0x10fe07610>
parameters = [(None, 'Test Court', 'CA-ON', None, None)]

    def _exec_single_context(
        self,
        dialect: Dialect,
        context: ExecutionContext,
        statement: Union[str, Compiled],
        parameters: Optional[_AnyMultiExecuteParams],
    ) -> CursorResult[Any]:
        """continue the _execute_context() method for a single DBAPI
        cursor.execute() or cursor.executemany() call.
    
        """
        if dialect.bind_typing is BindTyping.SETINPUTSIZES:
            generic_setinputsizes = context._prepare_set_input_sizes()
    
            if generic_setinputsizes:
                try:
                    dialect.do_set_input_sizes(
                        context.cursor, generic_setinputsizes, context
                    )
                except BaseException as e:
                    self._handle_dbapi_exception(
                        e, str(statement), parameters, None, context
                    )
    
        cursor, str_statement, parameters = (
            context.cursor,
            context.statement,
            context.parameters,
        )
    
        effective_parameters: Optional[_AnyExecuteParams]
    
        if not context.executemany:
            effective_parameters = parameters[0]
        else:
            effective_parameters = parameters
    
        if self._has_events or self.engine._has_events:
            for fn in self.dispatch.before_cursor_execute:
                str_statement, effective_parameters = fn(
                    self,
                    cursor,
                    str_statement,
                    effective_parameters,
                    context,
                    context.executemany,
                )
    
        if self._echo:
            self._log_info(str_statement)
    
            stats = context._get_cache_stats()
    
            if not self.engine.hide_parameters:
                self._log_info(
                    "[%s] %r",
                    stats,
                    sql_util._repr_params(
                        effective_parameters,
                        batches=10,
                        ismulti=context.executemany,
                    ),
                )
            else:
                self._log_info(
                    "[%s] [SQL parameters hidden due to hide_parameters=True]",
                    stats,
                )
    
        evt_handled: bool = False
        try:
            if context.execute_style is ExecuteStyle.EXECUTEMANY:
                effective_parameters = cast(
                    "_CoreMultiExecuteParams", effective_parameters
                )
                if self.dialect._has_events:
                    for fn in self.dialect.dispatch.do_executemany:
                        if fn(
                            cursor,
                            str_statement,
                            effective_parameters,
                            context,
                        ):
                            evt_handled = True
                            break
                if not evt_handled:
                    self.dialect.do_executemany(
                        cursor,
                        str_statement,
                        effective_parameters,
                        context,
                    )
            elif not effective_parameters and context.no_parameters:
                if self.dialect._has_events:
                    for fn in self.dialect.dispatch.do_execute_no_params:
                        if fn(cursor, str_statement, context):
                            evt_handled = True
                            break
                if not evt_handled:
                    self.dialect.do_execute_no_params(
                        cursor, str_statement, context
                    )
            else:
                effective_parameters = cast(
                    "_CoreSingleExecuteParams", effective_parameters
                )
                if self.dialect._has_events:
                    for fn in self.dialect.dispatch.do_execute:
                        if fn(
                            cursor,
                            str_statement,
                            effective_parameters,
                            context,
                        ):
                            evt_handled = True
                            break
                if not evt_handled:
>                   self.dialect.do_execute(
                        cursor, str_statement, effective_parameters, context
                    )

backend/.venv/lib/python3.11/site-packages/sqlalchemy/engine/base.py:1967: 
_ _ _ _ _ _ _ _ _ _ _ _ _ _ _ _ _ _ _ _ _ _ _ _ _ _ _ _ _ _ _ _ _ _ _ _ _ _ _ _ 

self = <sqlalchemy.dialects.sqlite.pysqlite.SQLiteDialect_pysqlite object at 0x10ab42ad0>
cursor = <sqlite3.Cursor object at 0x10fb2eb40>
statement = 'INSERT INTO courts (courtlistener_id, name, jurisdiction, region, location_id) VALUES (?, ?, ?, ?, ?) RETURNING id, created_at, updated_at'
parameters = (None, 'Test Court', 'CA-ON', None, None)
context = <sqlalchemy.dialects.sqlite.base.SQLiteExecutionContext object at 0x10f21b210>

    def do_execute(self, cursor, statement, parameters, context=None):
>       cursor.execute(statement, parameters)
E       sqlite3.IntegrityError: NOT NULL constraint failed: courts.courtlistener_id

backend/.venv/lib/python3.11/site-packages/sqlalchemy/engine/default.py:952: IntegrityError

The above exception was the direct cause of the following exception:

db_session = <sqlalchemy.orm.session.Session object at 0x10f219c50>

    @pytest.fixture
    def setup_test_data(db_session: Session):
        """Create test data for safety checks."""
        # Create court
        court = Court(
            name="Test Court",
            jurisdiction="CA-ON",
            court_level="superior",
        )
        db_session.add(court)
>       db_session.flush()

backend/app/tests/test_public_api_safety.py:50: 
_ _ _ _ _ _ _ _ _ _ _ _ _ _ _ _ _ _ _ _ _ _ _ _ _ _ _ _ _ _ _ _ _ _ _ _ _ _ _ _ 
backend/.venv/lib/python3.11/site-packages/sqlalchemy/orm/session.py:4331: in flush
    self._flush(objects)
backend/.venv/lib/python3.11/site-packages/sqlalchemy/orm/session.py:4466: in _flush
    with util.safe_reraise():
backend/.venv/lib/python3.11/site-packages/sqlalchemy/util/langhelpers.py:121: in __exit__
    raise exc_value.with_traceback(exc_tb)
backend/.venv/lib/python3.11/site-packages/sqlalchemy/orm/session.py:4427: in _flush
    flush_context.execute()
backend/.venv/lib/python3.11/site-packages/sqlalchemy/orm/unitofwork.py:466: in execute
    rec.execute(self)
backend/.venv/lib/python3.11/site-packages/sqlalchemy/orm/unitofwork.py:642: in execute
    util.preloaded.orm_persistence.save_obj(
backend/.venv/lib/python3.11/site-packages/sqlalchemy/orm/persistence.py:93: in save_obj
    _emit_insert_statements(
backend/.venv/lib/python3.11/site-packages/sqlalchemy/orm/persistence.py:1233: in _emit_insert_statements
    result = connection.execute(
backend/.venv/lib/python3.11/site-packages/sqlalchemy/engine/base.py:1419: in execute
    return meth(
backend/.venv/lib/python3.11/site-packages/sqlalchemy/sql/elements.py:527: in _execute_on_connection
    return connection._execute_clauseelement(
backend/.venv/lib/python3.11/site-packages/sqlalchemy/engine/base.py:1641: in _execute_clauseelement
    ret = self._execute_context(
backend/.venv/lib/python3.11/site-packages/sqlalchemy/engine/base.py:1846: in _execute_context
    return self._exec_single_context(
backend/.venv/lib/python3.11/site-packages/sqlalchemy/engine/base.py:1986: in _exec_single_context
    self._handle_dbapi_exception(
backend/.venv/lib/python3.11/site-packages/sqlalchemy/engine/base.py:2363: in _handle_dbapi_exception
    raise sqlalchemy_exception.with_traceback(exc_info[2]) from e
backend/.venv/lib/python3.11/site-packages/sqlalchemy/engine/base.py:1967: in _exec_single_context
    self.dialect.do_execute(
_ _ _ _ _ _ _ _ _ _ _ _ _ _ _ _ _ _ _ _ _ _ _ _ _ _ _ _ _ _ _ _ _ _ _ _ _ _ _ _ 

self = <sqlalchemy.dialects.sqlite.pysqlite.SQLiteDialect_pysqlite object at 0x10ab42ad0>
cursor = <sqlite3.Cursor object at 0x10fb2eb40>
statement = 'INSERT INTO courts (courtlistener_id, name, jurisdiction, region, location_id) VALUES (?, ?, ?, ?, ?) RETURNING id, created_at, updated_at'
parameters = (None, 'Test Court', 'CA-ON', None, None)
context = <sqlalchemy.dialects.sqlite.base.SQLiteExecutionContext object at 0x10f21b210>

    def do_execute(self, cursor, statement, parameters, context=None):
>       cursor.execute(statement, parameters)
E       sqlalchemy.exc.IntegrityError: (sqlite3.IntegrityError) NOT NULL constraint failed: courts.courtlistener_id
E       [SQL: INSERT INTO courts (courtlistener_id, name, jurisdiction, region, location_id) VALUES (?, ?, ?, ?, ?) RETURNING id, created_at, updated_at]
E       [parameters: (None, 'Test Court', 'CA-ON', None, None)]
E       (Background on this error at: https://sqlalche.me/e/20/gkpj)

backend/.venv/lib/python3.11/site-packages/sqlalchemy/engine/default.py:952: IntegrityError
________ ERROR at setup of test_get_defendant_anonymizes_personal_data _________

self = <sqlalchemy.engine.base.Connection object at 0x10fa58a90>
dialect = <sqlalchemy.dialects.sqlite.pysqlite.SQLiteDialect_pysqlite object at 0x10ab42ad0>
context = <sqlalchemy.dialects.sqlite.base.SQLiteExecutionContext object at 0x10fa58a50>
statement = <sqlalchemy.dialects.sqlite.base.SQLiteCompiler object at 0x10fe07610>
parameters = [(None, 'Test Court', 'CA-ON', None, None)]

    def _exec_single_context(
        self,
        dialect: Dialect,
        context: ExecutionContext,
        statement: Union[str, Compiled],
        parameters: Optional[_AnyMultiExecuteParams],
    ) -> CursorResult[Any]:
        """continue the _execute_context() method for a single DBAPI
        cursor.execute() or cursor.executemany() call.
    
        """
        if dialect.bind_typing is BindTyping.SETINPUTSIZES:
            generic_setinputsizes = context._prepare_set_input_sizes()
    
            if generic_setinputsizes:
                try:
                    dialect.do_set_input_sizes(
                        context.cursor, generic_setinputsizes, context
                    )
                except BaseException as e:
                    self._handle_dbapi_exception(
                        e, str(statement), parameters, None, context
                    )
    
        cursor, str_statement, parameters = (
            context.cursor,
            context.statement,
            context.parameters,
        )
    
        effective_parameters: Optional[_AnyExecuteParams]
    
        if not context.executemany:
            effective_parameters = parameters[0]
        else:
            effective_parameters = parameters
    
        if self._has_events or self.engine._has_events:
            for fn in self.dispatch.before_cursor_execute:
                str_statement, effective_parameters = fn(
                    self,
                    cursor,
                    str_statement,
                    effective_parameters,
                    context,
                    context.executemany,
                )
    
        if self._echo:
            self._log_info(str_statement)
    
            stats = context._get_cache_stats()
    
            if not self.engine.hide_parameters:
                self._log_info(
                    "[%s] %r",
                    stats,
                    sql_util._repr_params(
                        effective_parameters,
                        batches=10,
                        ismulti=context.executemany,
                    ),
                )
            else:
                self._log_info(
                    "[%s] [SQL parameters hidden due to hide_parameters=True]",
                    stats,
                )
    
        evt_handled: bool = False
        try:
            if context.execute_style is ExecuteStyle.EXECUTEMANY:
                effective_parameters = cast(
                    "_CoreMultiExecuteParams", effective_parameters
                )
                if self.dialect._has_events:
                    for fn in self.dialect.dispatch.do_executemany:
                        if fn(
                            cursor,
                            str_statement,
                            effective_parameters,
                            context,
                        ):
                            evt_handled = True
                            break
                if not evt_handled:
                    self.dialect.do_executemany(
                        cursor,
                        str_statement,
                        effective_parameters,
                        context,
                    )
            elif not effective_parameters and context.no_parameters:
                if self.dialect._has_events:
                    for fn in self.dialect.dispatch.do_execute_no_params:
                        if fn(cursor, str_statement, context):
                            evt_handled = True
                            break
                if not evt_handled:
                    self.dialect.do_execute_no_params(
                        cursor, str_statement, context
                    )
            else:
                effective_parameters = cast(
                    "_CoreSingleExecuteParams", effective_parameters
                )
                if self.dialect._has_events:
                    for fn in self.dialect.dispatch.do_execute:
                        if fn(
                            cursor,
                            str_statement,
                            effective_parameters,
                            context,
                        ):
                            evt_handled = True
                            break
                if not evt_handled:
>                   self.dialect.do_execute(
                        cursor, str_statement, effective_parameters, context
                    )

backend/.venv/lib/python3.11/site-packages/sqlalchemy/engine/base.py:1967: 
_ _ _ _ _ _ _ _ _ _ _ _ _ _ _ _ _ _ _ _ _ _ _ _ _ _ _ _ _ _ _ _ _ _ _ _ _ _ _ _ 

self = <sqlalchemy.dialects.sqlite.pysqlite.SQLiteDialect_pysqlite object at 0x10ab42ad0>
cursor = <sqlite3.Cursor object at 0x10f3589c0>
statement = 'INSERT INTO courts (courtlistener_id, name, jurisdiction, region, location_id) VALUES (?, ?, ?, ?, ?) RETURNING id, created_at, updated_at'
parameters = (None, 'Test Court', 'CA-ON', None, None)
context = <sqlalchemy.dialects.sqlite.base.SQLiteExecutionContext object at 0x10fa58a50>

    def do_execute(self, cursor, statement, parameters, context=None):
>       cursor.execute(statement, parameters)
E       sqlite3.IntegrityError: NOT NULL constraint failed: courts.courtlistener_id

backend/.venv/lib/python3.11/site-packages/sqlalchemy/engine/default.py:952: IntegrityError

The above exception was the direct cause of the following exception:

db_session = <sqlalchemy.orm.session.Session object at 0x10fe1b490>

    @pytest.fixture
    def setup_test_data(db_session: Session):
        """Create test data for safety checks."""
        # Create court
        court = Court(
            name="Test Court",
            jurisdiction="CA-ON",
            court_level="superior",
        )
        db_session.add(court)
>       db_session.flush()

backend/app/tests/test_public_api_safety.py:50: 
_ _ _ _ _ _ _ _ _ _ _ _ _ _ _ _ _ _ _ _ _ _ _ _ _ _ _ _ _ _ _ _ _ _ _ _ _ _ _ _ 
backend/.venv/lib/python3.11/site-packages/sqlalchemy/orm/session.py:4331: in flush
    self._flush(objects)
backend/.venv/lib/python3.11/site-packages/sqlalchemy/orm/session.py:4466: in _flush
    with util.safe_reraise():
backend/.venv/lib/python3.11/site-packages/sqlalchemy/util/langhelpers.py:121: in __exit__
    raise exc_value.with_traceback(exc_tb)
backend/.venv/lib/python3.11/site-packages/sqlalchemy/orm/session.py:4427: in _flush
    flush_context.execute()
backend/.venv/lib/python3.11/site-packages/sqlalchemy/orm/unitofwork.py:466: in execute
    rec.execute(self)
backend/.venv/lib/python3.11/site-packages/sqlalchemy/orm/unitofwork.py:642: in execute
    util.preloaded.orm_persistence.save_obj(
backend/.venv/lib/python3.11/site-packages/sqlalchemy/orm/persistence.py:93: in save_obj
    _emit_insert_statements(
backend/.venv/lib/python3.11/site-packages/sqlalchemy/orm/persistence.py:1233: in _emit_insert_statements
    result = connection.execute(
backend/.venv/lib/python3.11/site-packages/sqlalchemy/engine/base.py:1419: in execute
    return meth(
backend/.venv/lib/python3.11/site-packages/sqlalchemy/sql/elements.py:527: in _execute_on_connection
    return connection._execute_clauseelement(
backend/.venv/lib/python3.11/site-packages/sqlalchemy/engine/base.py:1641: in _execute_clauseelement
    ret = self._execute_context(
backend/.venv/lib/python3.11/site-packages/sqlalchemy/engine/base.py:1846: in _execute_context
    return self._exec_single_context(
backend/.venv/lib/python3.11/site-packages/sqlalchemy/engine/base.py:1986: in _exec_single_context
    self._handle_dbapi_exception(
backend/.venv/lib/python3.11/site-packages/sqlalchemy/engine/base.py:2363: in _handle_dbapi_exception
    raise sqlalchemy_exception.with_traceback(exc_info[2]) from e
backend/.venv/lib/python3.11/site-packages/sqlalchemy/engine/base.py:1967: in _exec_single_context
    self.dialect.do_execute(
_ _ _ _ _ _ _ _ _ _ _ _ _ _ _ _ _ _ _ _ _ _ _ _ _ _ _ _ _ _ _ _ _ _ _ _ _ _ _ _ 

self = <sqlalchemy.dialects.sqlite.pysqlite.SQLiteDialect_pysqlite object at 0x10ab42ad0>
cursor = <sqlite3.Cursor object at 0x10f3589c0>
statement = 'INSERT INTO courts (courtlistener_id, name, jurisdiction, region, location_id) VALUES (?, ?, ?, ?, ?) RETURNING id, created_at, updated_at'
parameters = (None, 'Test Court', 'CA-ON', None, None)
context = <sqlalchemy.dialects.sqlite.base.SQLiteExecutionContext object at 0x10fa58a50>

    def do_execute(self, cursor, statement, parameters, context=None):
>       cursor.execute(statement, parameters)
E       sqlalchemy.exc.IntegrityError: (sqlite3.IntegrityError) NOT NULL constraint failed: courts.courtlistener_id
E       [SQL: INSERT INTO courts (courtlistener_id, name, jurisdiction, region, location_id) VALUES (?, ?, ?, ?, ?) RETURNING id, created_at, updated_at]
E       [parameters: (None, 'Test Court', 'CA-ON', None, None)]
E       (Background on this error at: https://sqlalche.me/e/20/gkpj)

backend/.venv/lib/python3.11/site-packages/sqlalchemy/engine/default.py:952: IntegrityError
_ ERROR at setup of test_get_defendant_returns_404_for_defendant_without_public_events _

self = <sqlalchemy.engine.base.Connection object at 0x10f27e150>
dialect = <sqlalchemy.dialects.sqlite.pysqlite.SQLiteDialect_pysqlite object at 0x10ab42ad0>
context = <sqlalchemy.dialects.sqlite.base.SQLiteExecutionContext object at 0x10f27f510>
statement = <sqlalchemy.dialects.sqlite.base.SQLiteCompiler object at 0x10fe07610>
parameters = [(None, 'Test Court', 'CA-ON', None, None)]

    def _exec_single_context(
        self,
        dialect: Dialect,
        context: ExecutionContext,
        statement: Union[str, Compiled],
        parameters: Optional[_AnyMultiExecuteParams],
    ) -> CursorResult[Any]:
        """continue the _execute_context() method for a single DBAPI
        cursor.execute() or cursor.executemany() call.
    
        """
        if dialect.bind_typing is BindTyping.SETINPUTSIZES:
            generic_setinputsizes = context._prepare_set_input_sizes()
    
            if generic_setinputsizes:
                try:
                    dialect.do_set_input_sizes(
                        context.cursor, generic_setinputsizes, context
                    )
                except BaseException as e:
                    self._handle_dbapi_exception(
                        e, str(statement), parameters, None, context
                    )
    
        cursor, str_statement, parameters = (
            context.cursor,
            context.statement,
            context.parameters,
        )
    
        effective_parameters: Optional[_AnyExecuteParams]
    
        if not context.executemany:
            effective_parameters = parameters[0]
        else:
            effective_parameters = parameters
    
        if self._has_events or self.engine._has_events:
            for fn in self.dispatch.before_cursor_execute:
                str_statement, effective_parameters = fn(
                    self,
                    cursor,
                    str_statement,
                    effective_parameters,
                    context,
                    context.executemany,
                )
    
        if self._echo:
            self._log_info(str_statement)
    
            stats = context._get_cache_stats()
    
            if not self.engine.hide_parameters:
                self._log_info(
                    "[%s] %r",
                    stats,
                    sql_util._repr_params(
                        effective_parameters,
                        batches=10,
                        ismulti=context.executemany,
                    ),
                )
            else:
                self._log_info(
                    "[%s] [SQL parameters hidden due to hide_parameters=True]",
                    stats,
                )
    
        evt_handled: bool = False
        try:
            if context.execute_style is ExecuteStyle.EXECUTEMANY:
                effective_parameters = cast(
                    "_CoreMultiExecuteParams", effective_parameters
                )
                if self.dialect._has_events:
                    for fn in self.dialect.dispatch.do_executemany:
                        if fn(
                            cursor,
                            str_statement,
                            effective_parameters,
                            context,
                        ):
                            evt_handled = True
                            break
                if not evt_handled:
                    self.dialect.do_executemany(
                        cursor,
                        str_statement,
                        effective_parameters,
                        context,
                    )
            elif not effective_parameters and context.no_parameters:
                if self.dialect._has_events:
                    for fn in self.dialect.dispatch.do_execute_no_params:
                        if fn(cursor, str_statement, context):
                            evt_handled = True
                            break
                if not evt_handled:
                    self.dialect.do_execute_no_params(
                        cursor, str_statement, context
                    )
            else:
                effective_parameters = cast(
                    "_CoreSingleExecuteParams", effective_parameters
                )
                if self.dialect._has_events:
                    for fn in self.dialect.dispatch.do_execute:
                        if fn(
                            cursor,
                            str_statement,
                            effective_parameters,
                            context,
                        ):
                            evt_handled = True
                            break
                if not evt_handled:
>                   self.dialect.do_execute(
                        cursor, str_statement, effective_parameters, context
                    )

backend/.venv/lib/python3.11/site-packages/sqlalchemy/engine/base.py:1967: 
_ _ _ _ _ _ _ _ _ _ _ _ _ _ _ _ _ _ _ _ _ _ _ _ _ _ _ _ _ _ _ _ _ _ _ _ _ _ _ _ 

self = <sqlalchemy.dialects.sqlite.pysqlite.SQLiteDialect_pysqlite object at 0x10ab42ad0>
cursor = <sqlite3.Cursor object at 0x10fd61a40>
statement = 'INSERT INTO courts (courtlistener_id, name, jurisdiction, region, location_id) VALUES (?, ?, ?, ?, ?) RETURNING id, created_at, updated_at'
parameters = (None, 'Test Court', 'CA-ON', None, None)
context = <sqlalchemy.dialects.sqlite.base.SQLiteExecutionContext object at 0x10f27f510>

    def do_execute(self, cursor, statement, parameters, context=None):
>       cursor.execute(statement, parameters)
E       sqlite3.IntegrityError: NOT NULL constraint failed: courts.courtlistener_id

backend/.venv/lib/python3.11/site-packages/sqlalchemy/engine/default.py:952: IntegrityError

The above exception was the direct cause of the following exception:

db_session = <sqlalchemy.orm.session.Session object at 0x10f0314d0>

    @pytest.fixture
    def setup_test_data(db_session: Session):
        """Create test data for safety checks."""
        # Create court
        court = Court(
            name="Test Court",
            jurisdiction="CA-ON",
            court_level="superior",
        )
        db_session.add(court)
>       db_session.flush()

backend/app/tests/test_public_api_safety.py:50: 
_ _ _ _ _ _ _ _ _ _ _ _ _ _ _ _ _ _ _ _ _ _ _ _ _ _ _ _ _ _ _ _ _ _ _ _ _ _ _ _ 
backend/.venv/lib/python3.11/site-packages/sqlalchemy/orm/session.py:4331: in flush
    self._flush(objects)
backend/.venv/lib/python3.11/site-packages/sqlalchemy/orm/session.py:4466: in _flush
    with util.safe_reraise():
backend/.venv/lib/python3.11/site-packages/sqlalchemy/util/langhelpers.py:121: in __exit__
    raise exc_value.with_traceback(exc_tb)
backend/.venv/lib/python3.11/site-packages/sqlalchemy/orm/session.py:4427: in _flush
    flush_context.execute()
backend/.venv/lib/python3.11/site-packages/sqlalchemy/orm/unitofwork.py:466: in execute
    rec.execute(self)
backend/.venv/lib/python3.11/site-packages/sqlalchemy/orm/unitofwork.py:642: in execute
    util.preloaded.orm_persistence.save_obj(
backend/.venv/lib/python3.11/site-packages/sqlalchemy/orm/persistence.py:93: in save_obj
    _emit_insert_statements(
backend/.venv/lib/python3.11/site-packages/sqlalchemy/orm/persistence.py:1233: in _emit_insert_statements
    result = connection.execute(
backend/.venv/lib/python3.11/site-packages/sqlalchemy/engine/base.py:1419: in execute
    return meth(
backend/.venv/lib/python3.11/site-packages/sqlalchemy/sql/elements.py:527: in _execute_on_connection
    return connection._execute_clauseelement(
backend/.venv/lib/python3.11/site-packages/sqlalchemy/engine/base.py:1641: in _execute_clauseelement
    ret = self._execute_context(
backend/.venv/lib/python3.11/site-packages/sqlalchemy/engine/base.py:1846: in _execute_context
    return self._exec_single_context(
backend/.venv/lib/python3.11/site-packages/sqlalchemy/engine/base.py:1986: in _exec_single_context
    self._handle_dbapi_exception(
backend/.venv/lib/python3.11/site-packages/sqlalchemy/engine/base.py:2363: in _handle_dbapi_exception
    raise sqlalchemy_exception.with_traceback(exc_info[2]) from e
backend/.venv/lib/python3.11/site-packages/sqlalchemy/engine/base.py:1967: in _exec_single_context
    self.dialect.do_execute(
_ _ _ _ _ _ _ _ _ _ _ _ _ _ _ _ _ _ _ _ _ _ _ _ _ _ _ _ _ _ _ _ _ _ _ _ _ _ _ _ 

self = <sqlalchemy.dialects.sqlite.pysqlite.SQLiteDialect_pysqlite object at 0x10ab42ad0>
cursor = <sqlite3.Cursor object at 0x10fd61a40>
statement = 'INSERT INTO courts (courtlistener_id, name, jurisdiction, region, location_id) VALUES (?, ?, ?, ?, ?) RETURNING id, created_at, updated_at'
parameters = (None, 'Test Court', 'CA-ON', None, None)
context = <sqlalchemy.dialects.sqlite.base.SQLiteExecutionContext object at 0x10f27f510>

    def do_execute(self, cursor, statement, parameters, context=None):
>       cursor.execute(statement, parameters)
E       sqlalchemy.exc.IntegrityError: (sqlite3.IntegrityError) NOT NULL constraint failed: courts.courtlistener_id
E       [SQL: INSERT INTO courts (courtlistener_id, name, jurisdiction, region, location_id) VALUES (?, ?, ?, ?, ?) RETURNING id, created_at, updated_at]
E       [parameters: (None, 'Test Court', 'CA-ON', None, None)]
E       (Background on this error at: https://sqlalche.me/e/20/gkpj)

backend/.venv/lib/python3.11/site-packages/sqlalchemy/engine/default.py:952: IntegrityError
______ ERROR at setup of test_defendant_timeline_excludes_private_events _______

self = <sqlalchemy.engine.base.Connection object at 0x10eef9610>
dialect = <sqlalchemy.dialects.sqlite.pysqlite.SQLiteDialect_pysqlite object at 0x10ab42ad0>
context = <sqlalchemy.dialects.sqlite.base.SQLiteExecutionContext object at 0x10f6bcb10>
statement = <sqlalchemy.dialects.sqlite.base.SQLiteCompiler object at 0x10fe07610>
parameters = [(None, 'Test Court', 'CA-ON', None, None)]

    def _exec_single_context(
        self,
        dialect: Dialect,
        context: ExecutionContext,
        statement: Union[str, Compiled],
        parameters: Optional[_AnyMultiExecuteParams],
    ) -> CursorResult[Any]:
        """continue the _execute_context() method for a single DBAPI
        cursor.execute() or cursor.executemany() call.
    
        """
        if dialect.bind_typing is BindTyping.SETINPUTSIZES:
            generic_setinputsizes = context._prepare_set_input_sizes()
    
            if generic_setinputsizes:
                try:
                    dialect.do_set_input_sizes(
                        context.cursor, generic_setinputsizes, context
                    )
                except BaseException as e:
                    self._handle_dbapi_exception(
                        e, str(statement), parameters, None, context
                    )
    
        cursor, str_statement, parameters = (
            context.cursor,
            context.statement,
            context.parameters,
        )
    
        effective_parameters: Optional[_AnyExecuteParams]
    
        if not context.executemany:
            effective_parameters = parameters[0]
        else:
            effective_parameters = parameters
    
        if self._has_events or self.engine._has_events:
            for fn in self.dispatch.before_cursor_execute:
                str_statement, effective_parameters = fn(
                    self,
                    cursor,
                    str_statement,
                    effective_parameters,
                    context,
                    context.executemany,
                )
    
        if self._echo:
            self._log_info(str_statement)
    
            stats = context._get_cache_stats()
    
            if not self.engine.hide_parameters:
                self._log_info(
                    "[%s] %r",
                    stats,
                    sql_util._repr_params(
                        effective_parameters,
                        batches=10,
                        ismulti=context.executemany,
                    ),
                )
            else:
                self._log_info(
                    "[%s] [SQL parameters hidden due to hide_parameters=True]",
                    stats,
                )
    
        evt_handled: bool = False
        try:
            if context.execute_style is ExecuteStyle.EXECUTEMANY:
                effective_parameters = cast(
                    "_CoreMultiExecuteParams", effective_parameters
                )
                if self.dialect._has_events:
                    for fn in self.dialect.dispatch.do_executemany:
                        if fn(
                            cursor,
                            str_statement,
                            effective_parameters,
                            context,
                        ):
                            evt_handled = True
                            break
                if not evt_handled:
                    self.dialect.do_executemany(
                        cursor,
                        str_statement,
                        effective_parameters,
                        context,
                    )
            elif not effective_parameters and context.no_parameters:
                if self.dialect._has_events:
                    for fn in self.dialect.dispatch.do_execute_no_params:
                        if fn(cursor, str_statement, context):
                            evt_handled = True
                            break
                if not evt_handled:
                    self.dialect.do_execute_no_params(
                        cursor, str_statement, context
                    )
            else:
                effective_parameters = cast(
                    "_CoreSingleExecuteParams", effective_parameters
                )
                if self.dialect._has_events:
                    for fn in self.dialect.dispatch.do_execute:
                        if fn(
                            cursor,
                            str_statement,
                            effective_parameters,
                            context,
                        ):
                            evt_handled = True
                            break
                if not evt_handled:
>                   self.dialect.do_execute(
                        cursor, str_statement, effective_parameters, context
                    )

backend/.venv/lib/python3.11/site-packages/sqlalchemy/engine/base.py:1967: 
_ _ _ _ _ _ _ _ _ _ _ _ _ _ _ _ _ _ _ _ _ _ _ _ _ _ _ _ _ _ _ _ _ _ _ _ _ _ _ _ 

self = <sqlalchemy.dialects.sqlite.pysqlite.SQLiteDialect_pysqlite object at 0x10ab42ad0>
cursor = <sqlite3.Cursor object at 0x10eda60c0>
statement = 'INSERT INTO courts (courtlistener_id, name, jurisdiction, region, location_id) VALUES (?, ?, ?, ?, ?) RETURNING id, created_at, updated_at'
parameters = (None, 'Test Court', 'CA-ON', None, None)
context = <sqlalchemy.dialects.sqlite.base.SQLiteExecutionContext object at 0x10f6bcb10>

    def do_execute(self, cursor, statement, parameters, context=None):
>       cursor.execute(statement, parameters)
E       sqlite3.IntegrityError: NOT NULL constraint failed: courts.courtlistener_id

backend/.venv/lib/python3.11/site-packages/sqlalchemy/engine/default.py:952: IntegrityError

The above exception was the direct cause of the following exception:

db_session = <sqlalchemy.orm.session.Session object at 0x10e7dfc10>

    @pytest.fixture
    def setup_test_data(db_session: Session):
        """Create test data for safety checks."""
        # Create court
        court = Court(
            name="Test Court",
            jurisdiction="CA-ON",
            court_level="superior",
        )
        db_session.add(court)
>       db_session.flush()

backend/app/tests/test_public_api_safety.py:50: 
_ _ _ _ _ _ _ _ _ _ _ _ _ _ _ _ _ _ _ _ _ _ _ _ _ _ _ _ _ _ _ _ _ _ _ _ _ _ _ _ 
backend/.venv/lib/python3.11/site-packages/sqlalchemy/orm/session.py:4331: in flush
    self._flush(objects)
backend/.venv/lib/python3.11/site-packages/sqlalchemy/orm/session.py:4466: in _flush
    with util.safe_reraise():
backend/.venv/lib/python3.11/site-packages/sqlalchemy/util/langhelpers.py:121: in __exit__
    raise exc_value.with_traceback(exc_tb)
backend/.venv/lib/python3.11/site-packages/sqlalchemy/orm/session.py:4427: in _flush
    flush_context.execute()
backend/.venv/lib/python3.11/site-packages/sqlalchemy/orm/unitofwork.py:466: in execute
    rec.execute(self)
backend/.venv/lib/python3.11/site-packages/sqlalchemy/orm/unitofwork.py:642: in execute
    util.preloaded.orm_persistence.save_obj(
backend/.venv/lib/python3.11/site-packages/sqlalchemy/orm/persistence.py:93: in save_obj
    _emit_insert_statements(
backend/.venv/lib/python3.11/site-packages/sqlalchemy/orm/persistence.py:1233: in _emit_insert_statements
    result = connection.execute(
backend/.venv/lib/python3.11/site-packages/sqlalchemy/engine/base.py:1419: in execute
    return meth(
backend/.venv/lib/python3.11/site-packages/sqlalchemy/sql/elements.py:527: in _execute_on_connection
    return connection._execute_clauseelement(
backend/.venv/lib/python3.11/site-packages/sqlalchemy/engine/base.py:1641: in _execute_clauseelement
    ret = self._execute_context(
backend/.venv/lib/python3.11/site-packages/sqlalchemy/engine/base.py:1846: in _execute_context
    return self._exec_single_context(
backend/.venv/lib/python3.11/site-packages/sqlalchemy/engine/base.py:1986: in _exec_single_context
    self._handle_dbapi_exception(
backend/.venv/lib/python3.11/site-packages/sqlalchemy/engine/base.py:2363: in _handle_dbapi_exception
    raise sqlalchemy_exception.with_traceback(exc_info[2]) from e
backend/.venv/lib/python3.11/site-packages/sqlalchemy/engine/base.py:1967: in _exec_single_context
    self.dialect.do_execute(
_ _ _ _ _ _ _ _ _ _ _ _ _ _ _ _ _ _ _ _ _ _ _ _ _ _ _ _ _ _ _ _ _ _ _ _ _ _ _ _ 

self = <sqlalchemy.dialects.sqlite.pysqlite.SQLiteDialect_pysqlite object at 0x10ab42ad0>
cursor = <sqlite3.Cursor object at 0x10eda60c0>
statement = 'INSERT INTO courts (courtlistener_id, name, jurisdiction, region, location_id) VALUES (?, ?, ?, ?, ?) RETURNING id, created_at, updated_at'
parameters = (None, 'Test Court', 'CA-ON', None, None)
context = <sqlalchemy.dialects.sqlite.base.SQLiteExecutionContext object at 0x10f6bcb10>

    def do_execute(self, cursor, statement, parameters, context=None):
>       cursor.execute(statement, parameters)
E       sqlalchemy.exc.IntegrityError: (sqlite3.IntegrityError) NOT NULL constraint failed: courts.courtlistener_id
E       [SQL: INSERT INTO courts (courtlistener_id, name, jurisdiction, region, location_id) VALUES (?, ?, ?, ?, ?) RETURNING id, created_at, updated_at]
E       [parameters: (None, 'Test Court', 'CA-ON', None, None)]
E       (Background on this error at: https://sqlalche.me/e/20/gkpj)

backend/.venv/lib/python3.11/site-packages/sqlalchemy/engine/default.py:952: IntegrityError
_________ ERROR at setup of test_case_timeline_excludes_private_events _________

self = <sqlalchemy.engine.base.Connection object at 0x10f1bfa10>
dialect = <sqlalchemy.dialects.sqlite.pysqlite.SQLiteDialect_pysqlite object at 0x10ab42ad0>
context = <sqlalchemy.dialects.sqlite.base.SQLiteExecutionContext object at 0x10f1bfb10>
statement = <sqlalchemy.dialects.sqlite.base.SQLiteCompiler object at 0x10fe07610>
parameters = [(None, 'Test Court', 'CA-ON', None, None)]

    def _exec_single_context(
        self,
        dialect: Dialect,
        context: ExecutionContext,
        statement: Union[str, Compiled],
        parameters: Optional[_AnyMultiExecuteParams],
    ) -> CursorResult[Any]:
        """continue the _execute_context() method for a single DBAPI
        cursor.execute() or cursor.executemany() call.
    
        """
        if dialect.bind_typing is BindTyping.SETINPUTSIZES:
            generic_setinputsizes = context._prepare_set_input_sizes()
    
            if generic_setinputsizes:
                try:
                    dialect.do_set_input_sizes(
                        context.cursor, generic_setinputsizes, context
                    )
                except BaseException as e:
                    self._handle_dbapi_exception(
                        e, str(statement), parameters, None, context
                    )
    
        cursor, str_statement, parameters = (
            context.cursor,
            context.statement,
            context.parameters,
        )
    
        effective_parameters: Optional[_AnyExecuteParams]
    
        if not context.executemany:
            effective_parameters = parameters[0]
        else:
            effective_parameters = parameters
    
        if self._has_events or self.engine._has_events:
            for fn in self.dispatch.before_cursor_execute:
                str_statement, effective_parameters = fn(
                    self,
                    cursor,
                    str_statement,
                    effective_parameters,
                    context,
                    context.executemany,
                )
    
        if self._echo:
            self._log_info(str_statement)
    
            stats = context._get_cache_stats()
    
            if not self.engine.hide_parameters:
                self._log_info(
                    "[%s] %r",
                    stats,
                    sql_util._repr_params(
                        effective_parameters,
                        batches=10,
                        ismulti=context.executemany,
                    ),
                )
            else:
                self._log_info(
                    "[%s] [SQL parameters hidden due to hide_parameters=True]",
                    stats,
                )
    
        evt_handled: bool = False
        try:
            if context.execute_style is ExecuteStyle.EXECUTEMANY:
                effective_parameters = cast(
                    "_CoreMultiExecuteParams", effective_parameters
                )
                if self.dialect._has_events:
                    for fn in self.dialect.dispatch.do_executemany:
                        if fn(
                            cursor,
                            str_statement,
                            effective_parameters,
                            context,
                        ):
                            evt_handled = True
                            break
                if not evt_handled:
                    self.dialect.do_executemany(
                        cursor,
                        str_statement,
                        effective_parameters,
                        context,
                    )
            elif not effective_parameters and context.no_parameters:
                if self.dialect._has_events:
                    for fn in self.dialect.dispatch.do_execute_no_params:
                        if fn(cursor, str_statement, context):
                            evt_handled = True
                            break
                if not evt_handled:
                    self.dialect.do_execute_no_params(
                        cursor, str_statement, context
                    )
            else:
                effective_parameters = cast(
                    "_CoreSingleExecuteParams", effective_parameters
                )
                if self.dialect._has_events:
                    for fn in self.dialect.dispatch.do_execute:
                        if fn(
                            cursor,
                            str_statement,
                            effective_parameters,
                            context,
                        ):
                            evt_handled = True
                            break
                if not evt_handled:
>                   self.dialect.do_execute(
                        cursor, str_statement, effective_parameters, context
                    )

backend/.venv/lib/python3.11/site-packages/sqlalchemy/engine/base.py:1967: 
_ _ _ _ _ _ _ _ _ _ _ _ _ _ _ _ _ _ _ _ _ _ _ _ _ _ _ _ _ _ _ _ _ _ _ _ _ _ _ _ 

self = <sqlalchemy.dialects.sqlite.pysqlite.SQLiteDialect_pysqlite object at 0x10ab42ad0>
cursor = <sqlite3.Cursor object at 0x10e84fbc0>
statement = 'INSERT INTO courts (courtlistener_id, name, jurisdiction, region, location_id) VALUES (?, ?, ?, ?, ?) RETURNING id, created_at, updated_at'
parameters = (None, 'Test Court', 'CA-ON', None, None)
context = <sqlalchemy.dialects.sqlite.base.SQLiteExecutionContext object at 0x10f1bfb10>

    def do_execute(self, cursor, statement, parameters, context=None):
>       cursor.execute(statement, parameters)
E       sqlite3.IntegrityError: NOT NULL constraint failed: courts.courtlistener_id

backend/.venv/lib/python3.11/site-packages/sqlalchemy/engine/default.py:952: IntegrityError

The above exception was the direct cause of the following exception:

db_session = <sqlalchemy.orm.session.Session object at 0x10e8660d0>

    @pytest.fixture
    def setup_test_data(db_session: Session):
        """Create test data for safety checks."""
        # Create court
        court = Court(
            name="Test Court",
            jurisdiction="CA-ON",
            court_level="superior",
        )
        db_session.add(court)
>       db_session.flush()

backend/app/tests/test_public_api_safety.py:50: 
_ _ _ _ _ _ _ _ _ _ _ _ _ _ _ _ _ _ _ _ _ _ _ _ _ _ _ _ _ _ _ _ _ _ _ _ _ _ _ _ 
backend/.venv/lib/python3.11/site-packages/sqlalchemy/orm/session.py:4331: in flush
    self._flush(objects)
backend/.venv/lib/python3.11/site-packages/sqlalchemy/orm/session.py:4466: in _flush
    with util.safe_reraise():
backend/.venv/lib/python3.11/site-packages/sqlalchemy/util/langhelpers.py:121: in __exit__
    raise exc_value.with_traceback(exc_tb)
backend/.venv/lib/python3.11/site-packages/sqlalchemy/orm/session.py:4427: in _flush
    flush_context.execute()
backend/.venv/lib/python3.11/site-packages/sqlalchemy/orm/unitofwork.py:466: in execute
    rec.execute(self)
backend/.venv/lib/python3.11/site-packages/sqlalchemy/orm/unitofwork.py:642: in execute
    util.preloaded.orm_persistence.save_obj(
backend/.venv/lib/python3.11/site-packages/sqlalchemy/orm/persistence.py:93: in save_obj
    _emit_insert_statements(
backend/.venv/lib/python3.11/site-packages/sqlalchemy/orm/persistence.py:1233: in _emit_insert_statements
    result = connection.execute(
backend/.venv/lib/python3.11/site-packages/sqlalchemy/engine/base.py:1419: in execute
    return meth(
backend/.venv/lib/python3.11/site-packages/sqlalchemy/sql/elements.py:527: in _execute_on_connection
    return connection._execute_clauseelement(
backend/.venv/lib/python3.11/site-packages/sqlalchemy/engine/base.py:1641: in _execute_clauseelement
    ret = self._execute_context(
backend/.venv/lib/python3.11/site-packages/sqlalchemy/engine/base.py:1846: in _execute_context
    return self._exec_single_context(
backend/.venv/lib/python3.11/site-packages/sqlalchemy/engine/base.py:1986: in _exec_single_context
    self._handle_dbapi_exception(
backend/.venv/lib/python3.11/site-packages/sqlalchemy/engine/base.py:2363: in _handle_dbapi_exception
    raise sqlalchemy_exception.with_traceback(exc_info[2]) from e
backend/.venv/lib/python3.11/site-packages/sqlalchemy/engine/base.py:1967: in _exec_single_context
    self.dialect.do_execute(
_ _ _ _ _ _ _ _ _ _ _ _ _ _ _ _ _ _ _ _ _ _ _ _ _ _ _ _ _ _ _ _ _ _ _ _ _ _ _ _ 

self = <sqlalchemy.dialects.sqlite.pysqlite.SQLiteDialect_pysqlite object at 0x10ab42ad0>
cursor = <sqlite3.Cursor object at 0x10e84fbc0>
statement = 'INSERT INTO courts (courtlistener_id, name, jurisdiction, region, location_id) VALUES (?, ?, ?, ?, ?) RETURNING id, created_at, updated_at'
parameters = (None, 'Test Court', 'CA-ON', None, None)
context = <sqlalchemy.dialects.sqlite.base.SQLiteExecutionContext object at 0x10f1bfb10>

    def do_execute(self, cursor, statement, parameters, context=None):
>       cursor.execute(statement, parameters)
E       sqlalchemy.exc.IntegrityError: (sqlite3.IntegrityError) NOT NULL constraint failed: courts.courtlistener_id
E       [SQL: INSERT INTO courts (courtlistener_id, name, jurisdiction, region, location_id) VALUES (?, ?, ?, ?, ?) RETURNING id, created_at, updated_at]
E       [parameters: (None, 'Test Court', 'CA-ON', None, None)]
E       (Background on this error at: https://sqlalche.me/e/20/gkpj)

backend/.venv/lib/python3.11/site-packages/sqlalchemy/engine/default.py:952: IntegrityError
_________ ERROR at setup of test_judge_events_excludes_private_events __________

self = <sqlalchemy.engine.base.Connection object at 0x10f1c72d0>
dialect = <sqlalchemy.dialects.sqlite.pysqlite.SQLiteDialect_pysqlite object at 0x10ab42ad0>
context = <sqlalchemy.dialects.sqlite.base.SQLiteExecutionContext object at 0x10f1c67d0>
statement = <sqlalchemy.dialects.sqlite.base.SQLiteCompiler object at 0x10fe07610>
parameters = [(None, 'Test Court', 'CA-ON', None, None)]

    def _exec_single_context(
        self,
        dialect: Dialect,
        context: ExecutionContext,
        statement: Union[str, Compiled],
        parameters: Optional[_AnyMultiExecuteParams],
    ) -> CursorResult[Any]:
        """continue the _execute_context() method for a single DBAPI
        cursor.execute() or cursor.executemany() call.
    
        """
        if dialect.bind_typing is BindTyping.SETINPUTSIZES:
            generic_setinputsizes = context._prepare_set_input_sizes()
    
            if generic_setinputsizes:
                try:
                    dialect.do_set_input_sizes(
                        context.cursor, generic_setinputsizes, context
                    )
                except BaseException as e:
                    self._handle_dbapi_exception(
                        e, str(statement), parameters, None, context
                    )
    
        cursor, str_statement, parameters = (
            context.cursor,
            context.statement,
            context.parameters,
        )
    
        effective_parameters: Optional[_AnyExecuteParams]
    
        if not context.executemany:
            effective_parameters = parameters[0]
        else:
            effective_parameters = parameters
    
        if self._has_events or self.engine._has_events:
            for fn in self.dispatch.before_cursor_execute:
                str_statement, effective_parameters = fn(
                    self,
                    cursor,
                    str_statement,
                    effective_parameters,
                    context,
                    context.executemany,
                )
    
        if self._echo:
            self._log_info(str_statement)
    
            stats = context._get_cache_stats()
    
            if not self.engine.hide_parameters:
                self._log_info(
                    "[%s] %r",
                    stats,
                    sql_util._repr_params(
                        effective_parameters,
                        batches=10,
                        ismulti=context.executemany,
                    ),
                )
            else:
                self._log_info(
                    "[%s] [SQL parameters hidden due to hide_parameters=True]",
                    stats,
                )
    
        evt_handled: bool = False
        try:
            if context.execute_style is ExecuteStyle.EXECUTEMANY:
                effective_parameters = cast(
                    "_CoreMultiExecuteParams", effective_parameters
                )
                if self.dialect._has_events:
                    for fn in self.dialect.dispatch.do_executemany:
                        if fn(
                            cursor,
                            str_statement,
                            effective_parameters,
                            context,
                        ):
                            evt_handled = True
                            break
                if not evt_handled:
                    self.dialect.do_executemany(
                        cursor,
                        str_statement,
                        effective_parameters,
                        context,
                    )
            elif not effective_parameters and context.no_parameters:
                if self.dialect._has_events:
                    for fn in self.dialect.dispatch.do_execute_no_params:
                        if fn(cursor, str_statement, context):
                            evt_handled = True
                            break
                if not evt_handled:
                    self.dialect.do_execute_no_params(
                        cursor, str_statement, context
                    )
            else:
                effective_parameters = cast(
                    "_CoreSingleExecuteParams", effective_parameters
                )
                if self.dialect._has_events:
                    for fn in self.dialect.dispatch.do_execute:
                        if fn(
                            cursor,
                            str_statement,
                            effective_parameters,
                            context,
                        ):
                            evt_handled = True
                            break
                if not evt_handled:
>                   self.dialect.do_execute(
                        cursor, str_statement, effective_parameters, context
                    )

backend/.venv/lib/python3.11/site-packages/sqlalchemy/engine/base.py:1967: 
_ _ _ _ _ _ _ _ _ _ _ _ _ _ _ _ _ _ _ _ _ _ _ _ _ _ _ _ _ _ _ _ _ _ _ _ _ _ _ _ 

self = <sqlalchemy.dialects.sqlite.pysqlite.SQLiteDialect_pysqlite object at 0x10ab42ad0>
cursor = <sqlite3.Cursor object at 0x10f8503c0>
statement = 'INSERT INTO courts (courtlistener_id, name, jurisdiction, region, location_id) VALUES (?, ?, ?, ?, ?) RETURNING id, created_at, updated_at'
parameters = (None, 'Test Court', 'CA-ON', None, None)
context = <sqlalchemy.dialects.sqlite.base.SQLiteExecutionContext object at 0x10f1c67d0>

    def do_execute(self, cursor, statement, parameters, context=None):
>       cursor.execute(statement, parameters)
E       sqlite3.IntegrityError: NOT NULL constraint failed: courts.courtlistener_id

backend/.venv/lib/python3.11/site-packages/sqlalchemy/engine/default.py:952: IntegrityError

The above exception was the direct cause of the following exception:

db_session = <sqlalchemy.orm.session.Session object at 0x10ee892d0>

    @pytest.fixture
    def setup_test_data(db_session: Session):
        """Create test data for safety checks."""
        # Create court
        court = Court(
            name="Test Court",
            jurisdiction="CA-ON",
            court_level="superior",
        )
        db_session.add(court)
>       db_session.flush()

backend/app/tests/test_public_api_safety.py:50: 
_ _ _ _ _ _ _ _ _ _ _ _ _ _ _ _ _ _ _ _ _ _ _ _ _ _ _ _ _ _ _ _ _ _ _ _ _ _ _ _ 
backend/.venv/lib/python3.11/site-packages/sqlalchemy/orm/session.py:4331: in flush
    self._flush(objects)
backend/.venv/lib/python3.11/site-packages/sqlalchemy/orm/session.py:4466: in _flush
    with util.safe_reraise():
backend/.venv/lib/python3.11/site-packages/sqlalchemy/util/langhelpers.py:121: in __exit__
    raise exc_value.with_traceback(exc_tb)
backend/.venv/lib/python3.11/site-packages/sqlalchemy/orm/session.py:4427: in _flush
    flush_context.execute()
backend/.venv/lib/python3.11/site-packages/sqlalchemy/orm/unitofwork.py:466: in execute
    rec.execute(self)
backend/.venv/lib/python3.11/site-packages/sqlalchemy/orm/unitofwork.py:642: in execute
    util.preloaded.orm_persistence.save_obj(
backend/.venv/lib/python3.11/site-packages/sqlalchemy/orm/persistence.py:93: in save_obj
    _emit_insert_statements(
backend/.venv/lib/python3.11/site-packages/sqlalchemy/orm/persistence.py:1233: in _emit_insert_statements
    result = connection.execute(
backend/.venv/lib/python3.11/site-packages/sqlalchemy/engine/base.py:1419: in execute
    return meth(
backend/.venv/lib/python3.11/site-packages/sqlalchemy/sql/elements.py:527: in _execute_on_connection
    return connection._execute_clauseelement(
backend/.venv/lib/python3.11/site-packages/sqlalchemy/engine/base.py:1641: in _execute_clauseelement
    ret = self._execute_context(
backend/.venv/lib/python3.11/site-packages/sqlalchemy/engine/base.py:1846: in _execute_context
    return self._exec_single_context(
backend/.venv/lib/python3.11/site-packages/sqlalchemy/engine/base.py:1986: in _exec_single_context
    self._handle_dbapi_exception(
backend/.venv/lib/python3.11/site-packages/sqlalchemy/engine/base.py:2363: in _handle_dbapi_exception
    raise sqlalchemy_exception.with_traceback(exc_info[2]) from e
backend/.venv/lib/python3.11/site-packages/sqlalchemy/engine/base.py:1967: in _exec_single_context
    self.dialect.do_execute(
_ _ _ _ _ _ _ _ _ _ _ _ _ _ _ _ _ _ _ _ _ _ _ _ _ _ _ _ _ _ _ _ _ _ _ _ _ _ _ _ 

self = <sqlalchemy.dialects.sqlite.pysqlite.SQLiteDialect_pysqlite object at 0x10ab42ad0>
cursor = <sqlite3.Cursor object at 0x10f8503c0>
statement = 'INSERT INTO courts (courtlistener_id, name, jurisdiction, region, location_id) VALUES (?, ?, ?, ?, ?) RETURNING id, created_at, updated_at'
parameters = (None, 'Test Court', 'CA-ON', None, None)
context = <sqlalchemy.dialects.sqlite.base.SQLiteExecutionContext object at 0x10f1c67d0>

    def do_execute(self, cursor, statement, parameters, context=None):
>       cursor.execute(statement, parameters)
E       sqlalchemy.exc.IntegrityError: (sqlite3.IntegrityError) NOT NULL constraint failed: courts.courtlistener_id
E       [SQL: INSERT INTO courts (courtlistener_id, name, jurisdiction, region, location_id) VALUES (?, ?, ?, ?, ?) RETURNING id, created_at, updated_at]
E       [parameters: (None, 'Test Court', 'CA-ON', None, None)]
E       (Background on this error at: https://sqlalche.me/e/20/gkpj)

backend/.venv/lib/python3.11/site-packages/sqlalchemy/engine/default.py:952: IntegrityError
______ ERROR at setup of test_all_non_public_review_statuses_are_filtered ______

self = <sqlalchemy.engine.base.Connection object at 0x10f219310>
dialect = <sqlalchemy.dialects.sqlite.pysqlite.SQLiteDialect_pysqlite object at 0x10ab42ad0>
context = <sqlalchemy.dialects.sqlite.base.SQLiteExecutionContext object at 0x10f218810>
statement = <sqlalchemy.dialects.sqlite.base.SQLiteCompiler object at 0x10fe07610>
parameters = [(None, 'Test Court', 'CA-ON', None, None)]

    def _exec_single_context(
        self,
        dialect: Dialect,
        context: ExecutionContext,
        statement: Union[str, Compiled],
        parameters: Optional[_AnyMultiExecuteParams],
    ) -> CursorResult[Any]:
        """continue the _execute_context() method for a single DBAPI
        cursor.execute() or cursor.executemany() call.
    
        """
        if dialect.bind_typing is BindTyping.SETINPUTSIZES:
            generic_setinputsizes = context._prepare_set_input_sizes()
    
            if generic_setinputsizes:
                try:
                    dialect.do_set_input_sizes(
                        context.cursor, generic_setinputsizes, context
                    )
                except BaseException as e:
                    self._handle_dbapi_exception(
                        e, str(statement), parameters, None, context
                    )
    
        cursor, str_statement, parameters = (
            context.cursor,
            context.statement,
            context.parameters,
        )
    
        effective_parameters: Optional[_AnyExecuteParams]
    
        if not context.executemany:
            effective_parameters = parameters[0]
        else:
            effective_parameters = parameters
    
        if self._has_events or self.engine._has_events:
            for fn in self.dispatch.before_cursor_execute:
                str_statement, effective_parameters = fn(
                    self,
                    cursor,
                    str_statement,
                    effective_parameters,
                    context,
                    context.executemany,
                )
    
        if self._echo:
            self._log_info(str_statement)
    
            stats = context._get_cache_stats()
    
            if not self.engine.hide_parameters:
                self._log_info(
                    "[%s] %r",
                    stats,
                    sql_util._repr_params(
                        effective_parameters,
                        batches=10,
                        ismulti=context.executemany,
                    ),
                )
            else:
                self._log_info(
                    "[%s] [SQL parameters hidden due to hide_parameters=True]",
                    stats,
                )
    
        evt_handled: bool = False
        try:
            if context.execute_style is ExecuteStyle.EXECUTEMANY:
                effective_parameters = cast(
                    "_CoreMultiExecuteParams", effective_parameters
                )
                if self.dialect._has_events:
                    for fn in self.dialect.dispatch.do_executemany:
                        if fn(
                            cursor,
                            str_statement,
                            effective_parameters,
                            context,
                        ):
                            evt_handled = True
                            break
                if not evt_handled:
                    self.dialect.do_executemany(
                        cursor,
                        str_statement,
                        effective_parameters,
                        context,
                    )
            elif not effective_parameters and context.no_parameters:
                if self.dialect._has_events:
                    for fn in self.dialect.dispatch.do_execute_no_params:
                        if fn(cursor, str_statement, context):
                            evt_handled = True
                            break
                if not evt_handled:
                    self.dialect.do_execute_no_params(
                        cursor, str_statement, context
                    )
            else:
                effective_parameters = cast(
                    "_CoreSingleExecuteParams", effective_parameters
                )
                if self.dialect._has_events:
                    for fn in self.dialect.dispatch.do_execute:
                        if fn(
                            cursor,
                            str_statement,
                            effective_parameters,
                            context,
                        ):
                            evt_handled = True
                            break
                if not evt_handled:
>                   self.dialect.do_execute(
                        cursor, str_statement, effective_parameters, context
                    )

backend/.venv/lib/python3.11/site-packages/sqlalchemy/engine/base.py:1967: 
_ _ _ _ _ _ _ _ _ _ _ _ _ _ _ _ _ _ _ _ _ _ _ _ _ _ _ _ _ _ _ _ _ _ _ _ _ _ _ _ 

self = <sqlalchemy.dialects.sqlite.pysqlite.SQLiteDialect_pysqlite object at 0x10ab42ad0>
cursor = <sqlite3.Cursor object at 0x10e7e0c40>
statement = 'INSERT INTO courts (courtlistener_id, name, jurisdiction, region, location_id) VALUES (?, ?, ?, ?, ?) RETURNING id, created_at, updated_at'
parameters = (None, 'Test Court', 'CA-ON', None, None)
context = <sqlalchemy.dialects.sqlite.base.SQLiteExecutionContext object at 0x10f218810>

    def do_execute(self, cursor, statement, parameters, context=None):
>       cursor.execute(statement, parameters)
E       sqlite3.IntegrityError: NOT NULL constraint failed: courts.courtlistener_id

backend/.venv/lib/python3.11/site-packages/sqlalchemy/engine/default.py:952: IntegrityError

The above exception was the direct cause of the following exception:

db_session = <sqlalchemy.orm.session.Session object at 0x10e7e4f10>

    @pytest.fixture
    def setup_test_data(db_session: Session):
        """Create test data for safety checks."""
        # Create court
        court = Court(
            name="Test Court",
            jurisdiction="CA-ON",
            court_level="superior",
        )
        db_session.add(court)
>       db_session.flush()

backend/app/tests/test_public_api_safety.py:50: 
_ _ _ _ _ _ _ _ _ _ _ _ _ _ _ _ _ _ _ _ _ _ _ _ _ _ _ _ _ _ _ _ _ _ _ _ _ _ _ _ 
backend/.venv/lib/python3.11/site-packages/sqlalchemy/orm/session.py:4331: in flush
    self._flush(objects)
backend/.venv/lib/python3.11/site-packages/sqlalchemy/orm/session.py:4466: in _flush
    with util.safe_reraise():
backend/.venv/lib/python3.11/site-packages/sqlalchemy/util/langhelpers.py:121: in __exit__
    raise exc_value.with_traceback(exc_tb)
backend/.venv/lib/python3.11/site-packages/sqlalchemy/orm/session.py:4427: in _flush
    flush_context.execute()
backend/.venv/lib/python3.11/site-packages/sqlalchemy/orm/unitofwork.py:466: in execute
    rec.execute(self)
backend/.venv/lib/python3.11/site-packages/sqlalchemy/orm/unitofwork.py:642: in execute
    util.preloaded.orm_persistence.save_obj(
backend/.venv/lib/python3.11/site-packages/sqlalchemy/orm/persistence.py:93: in save_obj
    _emit_insert_statements(
backend/.venv/lib/python3.11/site-packages/sqlalchemy/orm/persistence.py:1233: in _emit_insert_statements
    result = connection.execute(
backend/.venv/lib/python3.11/site-packages/sqlalchemy/engine/base.py:1419: in execute
    return meth(
backend/.venv/lib/python3.11/site-packages/sqlalchemy/sql/elements.py:527: in _execute_on_connection
    return connection._execute_clauseelement(
backend/.venv/lib/python3.11/site-packages/sqlalchemy/engine/base.py:1641: in _execute_clauseelement
    ret = self._execute_context(
backend/.venv/lib/python3.11/site-packages/sqlalchemy/engine/base.py:1846: in _execute_context
    return self._exec_single_context(
backend/.venv/lib/python3.11/site-packages/sqlalchemy/engine/base.py:1986: in _exec_single_context
    self._handle_dbapi_exception(
backend/.venv/lib/python3.11/site-packages/sqlalchemy/engine/base.py:2363: in _handle_dbapi_exception
    raise sqlalchemy_exception.with_traceback(exc_info[2]) from e
backend/.venv/lib/python3.11/site-packages/sqlalchemy/engine/base.py:1967: in _exec_single_context
    self.dialect.do_execute(
_ _ _ _ _ _ _ _ _ _ _ _ _ _ _ _ _ _ _ _ _ _ _ _ _ _ _ _ _ _ _ _ _ _ _ _ _ _ _ _ 

self = <sqlalchemy.dialects.sqlite.pysqlite.SQLiteDialect_pysqlite object at 0x10ab42ad0>
cursor = <sqlite3.Cursor object at 0x10e7e0c40>
statement = 'INSERT INTO courts (courtlistener_id, name, jurisdiction, region, location_id) VALUES (?, ?, ?, ?, ?) RETURNING id, created_at, updated_at'
parameters = (None, 'Test Court', 'CA-ON', None, None)
context = <sqlalchemy.dialects.sqlite.base.SQLiteExecutionContext object at 0x10f218810>

    def do_execute(self, cursor, statement, parameters, context=None):
>       cursor.execute(statement, parameters)
E       sqlalchemy.exc.IntegrityError: (sqlite3.IntegrityError) NOT NULL constraint failed: courts.courtlistener_id
E       [SQL: INSERT INTO courts (courtlistener_id, name, jurisdiction, region, location_id) VALUES (?, ?, ?, ?, ?) RETURNING id, created_at, updated_at]
E       [parameters: (None, 'Test Court', 'CA-ON', None, None)]
E       (Background on this error at: https://sqlalche.me/e/20/gkpj)

backend/.venv/lib/python3.11/site-packages/sqlalchemy/engine/default.py:952: IntegrityError
_____ ERROR at setup of test_public_endpoints_never_expose_internal_fields _____

self = <sqlalchemy.engine.base.Connection object at 0x10f8fc210>
dialect = <sqlalchemy.dialects.sqlite.pysqlite.SQLiteDialect_pysqlite object at 0x10ab42ad0>
context = <sqlalchemy.dialects.sqlite.base.SQLiteExecutionContext object at 0x10f8fc490>
statement = <sqlalchemy.dialects.sqlite.base.SQLiteCompiler object at 0x10fe07610>
parameters = [(None, 'Test Court', 'CA-ON', None, None)]

    def _exec_single_context(
        self,
        dialect: Dialect,
        context: ExecutionContext,
        statement: Union[str, Compiled],
        parameters: Optional[_AnyMultiExecuteParams],
    ) -> CursorResult[Any]:
        """continue the _execute_context() method for a single DBAPI
        cursor.execute() or cursor.executemany() call.
    
        """
        if dialect.bind_typing is BindTyping.SETINPUTSIZES:
            generic_setinputsizes = context._prepare_set_input_sizes()
    
            if generic_setinputsizes:
                try:
                    dialect.do_set_input_sizes(
                        context.cursor, generic_setinputsizes, context
                    )
                except BaseException as e:
                    self._handle_dbapi_exception(
                        e, str(statement), parameters, None, context
                    )
    
        cursor, str_statement, parameters = (
            context.cursor,
            context.statement,
            context.parameters,
        )
    
        effective_parameters: Optional[_AnyExecuteParams]
    
        if not context.executemany:
            effective_parameters = parameters[0]
        else:
            effective_parameters = parameters
    
        if self._has_events or self.engine._has_events:
            for fn in self.dispatch.before_cursor_execute:
                str_statement, effective_parameters = fn(
                    self,
                    cursor,
                    str_statement,
                    effective_parameters,
                    context,
                    context.executemany,
                )
    
        if self._echo:
            self._log_info(str_statement)
    
            stats = context._get_cache_stats()
    
            if not self.engine.hide_parameters:
                self._log_info(
                    "[%s] %r",
                    stats,
                    sql_util._repr_params(
                        effective_parameters,
                        batches=10,
                        ismulti=context.executemany,
                    ),
                )
            else:
                self._log_info(
                    "[%s] [SQL parameters hidden due to hide_parameters=True]",
                    stats,
                )
    
        evt_handled: bool = False
        try:
            if context.execute_style is ExecuteStyle.EXECUTEMANY:
                effective_parameters = cast(
                    "_CoreMultiExecuteParams", effective_parameters
                )
                if self.dialect._has_events:
                    for fn in self.dialect.dispatch.do_executemany:
                        if fn(
                            cursor,
                            str_statement,
                            effective_parameters,
                            context,
                        ):
                            evt_handled = True
                            break
                if not evt_handled:
                    self.dialect.do_executemany(
                        cursor,
                        str_statement,
                        effective_parameters,
                        context,
                    )
            elif not effective_parameters and context.no_parameters:
                if self.dialect._has_events:
                    for fn in self.dialect.dispatch.do_execute_no_params:
                        if fn(cursor, str_statement, context):
                            evt_handled = True
                            break
                if not evt_handled:
                    self.dialect.do_execute_no_params(
                        cursor, str_statement, context
                    )
            else:
                effective_parameters = cast(
                    "_CoreSingleExecuteParams", effective_parameters
                )
                if self.dialect._has_events:
                    for fn in self.dialect.dispatch.do_execute:
                        if fn(
                            cursor,
                            str_statement,
                            effective_parameters,
                            context,
                        ):
                            evt_handled = True
                            break
                if not evt_handled:
>                   self.dialect.do_execute(
                        cursor, str_statement, effective_parameters, context
                    )

backend/.venv/lib/python3.11/site-packages/sqlalchemy/engine/base.py:1967: 
_ _ _ _ _ _ _ _ _ _ _ _ _ _ _ _ _ _ _ _ _ _ _ _ _ _ _ _ _ _ _ _ _ _ _ _ _ _ _ _ 

self = <sqlalchemy.dialects.sqlite.pysqlite.SQLiteDialect_pysqlite object at 0x10ab42ad0>
cursor = <sqlite3.Cursor object at 0x10f670940>
statement = 'INSERT INTO courts (courtlistener_id, name, jurisdiction, region, location_id) VALUES (?, ?, ?, ?, ?) RETURNING id, created_at, updated_at'
parameters = (None, 'Test Court', 'CA-ON', None, None)
context = <sqlalchemy.dialects.sqlite.base.SQLiteExecutionContext object at 0x10f8fc490>

    def do_execute(self, cursor, statement, parameters, context=None):
>       cursor.execute(statement, parameters)
E       sqlite3.IntegrityError: NOT NULL constraint failed: courts.courtlistener_id

backend/.venv/lib/python3.11/site-packages/sqlalchemy/engine/default.py:952: IntegrityError

The above exception was the direct cause of the following exception:

db_session = <sqlalchemy.orm.session.Session object at 0x10e7df050>

    @pytest.fixture
    def setup_test_data(db_session: Session):
        """Create test data for safety checks."""
        # Create court
        court = Court(
            name="Test Court",
            jurisdiction="CA-ON",
            court_level="superior",
        )
        db_session.add(court)
>       db_session.flush()

backend/app/tests/test_public_api_safety.py:50: 
_ _ _ _ _ _ _ _ _ _ _ _ _ _ _ _ _ _ _ _ _ _ _ _ _ _ _ _ _ _ _ _ _ _ _ _ _ _ _ _ 
backend/.venv/lib/python3.11/site-packages/sqlalchemy/orm/session.py:4331: in flush
    self._flush(objects)
backend/.venv/lib/python3.11/site-packages/sqlalchemy/orm/session.py:4466: in _flush
    with util.safe_reraise():
backend/.venv/lib/python3.11/site-packages/sqlalchemy/util/langhelpers.py:121: in __exit__
    raise exc_value.with_traceback(exc_tb)
backend/.venv/lib/python3.11/site-packages/sqlalchemy/orm/session.py:4427: in _flush
    flush_context.execute()
backend/.venv/lib/python3.11/site-packages/sqlalchemy/orm/unitofwork.py:466: in execute
    rec.execute(self)
backend/.venv/lib/python3.11/site-packages/sqlalchemy/orm/unitofwork.py:642: in execute
    util.preloaded.orm_persistence.save_obj(
backend/.venv/lib/python3.11/site-packages/sqlalchemy/orm/persistence.py:93: in save_obj
    _emit_insert_statements(
backend/.venv/lib/python3.11/site-packages/sqlalchemy/orm/persistence.py:1233: in _emit_insert_statements
    result = connection.execute(
backend/.venv/lib/python3.11/site-packages/sqlalchemy/engine/base.py:1419: in execute
    return meth(
backend/.venv/lib/python3.11/site-packages/sqlalchemy/sql/elements.py:527: in _execute_on_connection
    return connection._execute_clauseelement(
backend/.venv/lib/python3.11/site-packages/sqlalchemy/engine/base.py:1641: in _execute_clauseelement
    ret = self._execute_context(
backend/.venv/lib/python3.11/site-packages/sqlalchemy/engine/base.py:1846: in _execute_context
    return self._exec_single_context(
backend/.venv/lib/python3.11/site-packages/sqlalchemy/engine/base.py:1986: in _exec_single_context
    self._handle_dbapi_exception(
backend/.venv/lib/python3.11/site-packages/sqlalchemy/engine/base.py:2363: in _handle_dbapi_exception
    raise sqlalchemy_exception.with_traceback(exc_info[2]) from e
backend/.venv/lib/python3.11/site-packages/sqlalchemy/engine/base.py:1967: in _exec_single_context
    self.dialect.do_execute(
_ _ _ _ _ _ _ _ _ _ _ _ _ _ _ _ _ _ _ _ _ _ _ _ _ _ _ _ _ _ _ _ _ _ _ _ _ _ _ _ 

self = <sqlalchemy.dialects.sqlite.pysqlite.SQLiteDialect_pysqlite object at 0x10ab42ad0>
cursor = <sqlite3.Cursor object at 0x10f670940>
statement = 'INSERT INTO courts (courtlistener_id, name, jurisdiction, region, location_id) VALUES (?, ?, ?, ?, ?) RETURNING id, created_at, updated_at'
parameters = (None, 'Test Court', 'CA-ON', None, None)
context = <sqlalchemy.dialects.sqlite.base.SQLiteExecutionContext object at 0x10f8fc490>

    def do_execute(self, cursor, statement, parameters, context=None):
>       cursor.execute(statement, parameters)
E       sqlalchemy.exc.IntegrityError: (sqlite3.IntegrityError) NOT NULL constraint failed: courts.courtlistener_id
E       [SQL: INSERT INTO courts (courtlistener_id, name, jurisdiction, region, location_id) VALUES (?, ?, ?, ?, ?) RETURNING id, created_at, updated_at]
E       [parameters: (None, 'Test Court', 'CA-ON', None, None)]
E       (Background on this error at: https://sqlalche.me/e/20/gkpj)

backend/.venv/lib/python3.11/site-packages/sqlalchemy/engine/default.py:952: IntegrityError
=================================== FAILURES ===================================
___________________ test_full_pipeline_source_to_public_api ____________________

db_session = <sqlalchemy.orm.session.Session object at 0x10e5df490>

    def test_full_pipeline_source_to_public_api(db_session):
        """Test the complete pipeline from source ingestion to public API readiness."""
        # Step 1: Create a legal source with official court record type
        source = LegalSource(
            source_id="test_e2e_api_source",
            source_name="E2E API Test Source",
            source_type="official_court_record",
            lifecycle_state="active",
        )
        db_session.add(source)
        db_session.commit()
    
        # Step 2: Create ingestion run
>       run = IngestionRun(
            source_id=source.id,
            status=JobState.COMPLETED.value,
            started_at=datetime.now(timezone.utc),
            finished_at=datetime.now(timezone.utc),
        )

backend/app/tests/test_e2e_source_to_public_api.py:71: 
_ _ _ _ _ _ _ _ _ _ _ _ _ _ _ _ _ _ _ _ _ _ _ _ _ _ _ _ _ _ _ _ _ _ _ _ _ _ _ _ 
<string>:4: in __init__
    ???
backend/.venv/lib/python3.11/site-packages/sqlalchemy/orm/state.py:596: in _initialize_instance
    with util.safe_reraise():
backend/.venv/lib/python3.11/site-packages/sqlalchemy/util/langhelpers.py:121: in __exit__
    raise exc_value.with_traceback(exc_tb)
backend/.venv/lib/python3.11/site-packages/sqlalchemy/orm/state.py:594: in _initialize_instance
    manager.original_init(*mixed[1:], **kwargs)
_ _ _ _ _ _ _ _ _ _ _ _ _ _ _ _ _ _ _ _ _ _ _ _ _ _ _ _ _ _ _ _ _ _ _ _ _ _ _ _ 

self = <app.models.entities.IngestionRun object at 0x10c5439d0>
kwargs = {'finished_at': datetime.datetime(2026, 5, 20, 1, 43, 26, 538416, tzinfo=datetime.timezone.utc), 'source_id': 6, 'started_at': datetime.datetime(2026, 5, 20, 1, 43, 26, 538412, tzinfo=datetime.timezone.utc), 'status': 'completed'}
cls_ = <class 'app.models.entities.IngestionRun'>, k = 'source_id'

    def _declarative_constructor(self: Any, **kwargs: Any) -> None:
        """A simple constructor that allows initialization from kwargs.
    
        Sets attributes on the constructed instance using the names and
        values in ``kwargs``.
    
        Only keys that are present as
        attributes of the instance's class are allowed. These could be,
        for example, any mapped columns or relationships.
        """
        cls_ = type(self)
        for k in kwargs:
            if not hasattr(cls_, k):
>               raise TypeError(
                    "%r is an invalid keyword argument for %s" % (k, cls_.__name__)
                )
E               TypeError: 'source_id' is an invalid keyword argument for IngestionRun

backend/.venv/lib/python3.11/site-packages/sqlalchemy/orm/decl_base.py:2179: TypeError
______________ test_named_person_criminal_allegation_enforcement _______________

self = <sqlalchemy.engine.base.Connection object at 0x10f031190>
dialect = <sqlalchemy.dialects.sqlite.pysqlite.SQLiteDialect_pysqlite object at 0x10ab42ad0>
context = <sqlalchemy.dialects.sqlite.base.SQLiteExecutionContext object at 0x10f031510>
statement = <sqlalchemy.dialects.sqlite.base.SQLiteCompiler object at 0x10e396650>
parameters = [('test_e2e_criminal_source', 'official_court_record', 'Test Legal Source', 'http://example.com', None, '', ...)]

    def _exec_single_context(
        self,
        dialect: Dialect,
        context: ExecutionContext,
        statement: Union[str, Compiled],
        parameters: Optional[_AnyMultiExecuteParams],
    ) -> CursorResult[Any]:
        """continue the _execute_context() method for a single DBAPI
        cursor.execute() or cursor.executemany() call.
    
        """
        if dialect.bind_typing is BindTyping.SETINPUTSIZES:
            generic_setinputsizes = context._prepare_set_input_sizes()
    
            if generic_setinputsizes:
                try:
                    dialect.do_set_input_sizes(
                        context.cursor, generic_setinputsizes, context
                    )
                except BaseException as e:
                    self._handle_dbapi_exception(
                        e, str(statement), parameters, None, context
                    )
    
        cursor, str_statement, parameters = (
            context.cursor,
            context.statement,
            context.parameters,
        )
    
        effective_parameters: Optional[_AnyExecuteParams]
    
        if not context.executemany:
            effective_parameters = parameters[0]
        else:
            effective_parameters = parameters
    
        if self._has_events or self.engine._has_events:
            for fn in self.dispatch.before_cursor_execute:
                str_statement, effective_parameters = fn(
                    self,
                    cursor,
                    str_statement,
                    effective_parameters,
                    context,
                    context.executemany,
                )
    
        if self._echo:
            self._log_info(str_statement)
    
            stats = context._get_cache_stats()
    
            if not self.engine.hide_parameters:
                self._log_info(
                    "[%s] %r",
                    stats,
                    sql_util._repr_params(
                        effective_parameters,
                        batches=10,
                        ismulti=context.executemany,
                    ),
                )
            else:
                self._log_info(
                    "[%s] [SQL parameters hidden due to hide_parameters=True]",
                    stats,
                )
    
        evt_handled: bool = False
        try:
            if context.execute_style is ExecuteStyle.EXECUTEMANY:
                effective_parameters = cast(
                    "_CoreMultiExecuteParams", effective_parameters
                )
                if self.dialect._has_events:
                    for fn in self.dialect.dispatch.do_executemany:
                        if fn(
                            cursor,
                            str_statement,
                            effective_parameters,
                            context,
                        ):
                            evt_handled = True
                            break
                if not evt_handled:
                    self.dialect.do_executemany(
                        cursor,
                        str_statement,
                        effective_parameters,
                        context,
                    )
            elif not effective_parameters and context.no_parameters:
                if self.dialect._has_events:
                    for fn in self.dialect.dispatch.do_execute_no_params:
                        if fn(cursor, str_statement, context):
                            evt_handled = True
                            break
                if not evt_handled:
                    self.dialect.do_execute_no_params(
                        cursor, str_statement, context
                    )
            else:
                effective_parameters = cast(
                    "_CoreSingleExecuteParams", effective_parameters
                )
                if self.dialect._has_events:
                    for fn in self.dialect.dispatch.do_execute:
                        if fn(
                            cursor,
                            str_statement,
                            effective_parameters,
                            context,
                        ):
                            evt_handled = True
                            break
                if not evt_handled:
>                   self.dialect.do_execute(
                        cursor, str_statement, effective_parameters, context
                    )

backend/.venv/lib/python3.11/site-packages/sqlalchemy/engine/base.py:1967: 
_ _ _ _ _ _ _ _ _ _ _ _ _ _ _ _ _ _ _ _ _ _ _ _ _ _ _ _ _ _ _ _ _ _ _ _ _ _ _ _ 

self = <sqlalchemy.dialects.sqlite.pysqlite.SQLiteDialect_pysqlite object at 0x10ab42ad0>
cursor = <sqlite3.Cursor object at 0x10f368140>
statement = 'INSERT INTO legal_sources (source_id, source_type, title, url, api_url, url_hash, source_quality, verified_flag, retr..._note, public_visibility) VALUES (?, ?, ?, ?, ?, ?, ?, ?, ?, ?, ?, ?, ?, ?, ?, ?) RETURNING id, created_at, updated_at'
parameters = ('test_e2e_criminal_source', 'official_court_record', 'Test Legal Source', 'http://example.com', None, '', ...)
context = <sqlalchemy.dialects.sqlite.base.SQLiteExecutionContext object at 0x10f031510>

    def do_execute(self, cursor, statement, parameters, context=None):
>       cursor.execute(statement, parameters)
E       sqlite3.IntegrityError: UNIQUE constraint failed: legal_sources.url_hash

backend/.venv/lib/python3.11/site-packages/sqlalchemy/engine/default.py:952: IntegrityError

The above exception was the direct cause of the following exception:

db_session = <sqlalchemy.orm.session.Session object at 0x10e502910>

    def test_named_person_criminal_allegation_enforcement(db_session):
        """Test that named-person criminal allegations require elevated approval."""
        # Create source
        source = LegalSource(
            source_id="test_e2e_criminal_source",
            source_name="E2E Criminal Test Source",
            source_type="official_court_record",
            lifecycle_state="active",
        )
        db_session.add(source)
>       db_session.commit()

backend/app/tests/test_e2e_source_to_public_api.py:215: 
_ _ _ _ _ _ _ _ _ _ _ _ _ _ _ _ _ _ _ _ _ _ _ _ _ _ _ _ _ _ _ _ _ _ _ _ _ _ _ _ 
backend/.venv/lib/python3.11/site-packages/sqlalchemy/orm/session.py:2030: in commit
    trans.commit(_to_root=True)
<string>:2: in commit
    ???
backend/.venv/lib/python3.11/site-packages/sqlalchemy/orm/state_changes.py:137: in _go
    ret_value = fn(self, *arg, **kw)
                ^^^^^^^^^^^^^^^^^^^^
backend/.venv/lib/python3.11/site-packages/sqlalchemy/orm/session.py:1311: in commit
    self._prepare_impl()
<string>:2: in _prepare_impl
    ???
backend/.venv/lib/python3.11/site-packages/sqlalchemy/orm/state_changes.py:137: in _go
    ret_value = fn(self, *arg, **kw)
                ^^^^^^^^^^^^^^^^^^^^
backend/.venv/lib/python3.11/site-packages/sqlalchemy/orm/session.py:1286: in _prepare_impl
    self.session.flush()
backend/.venv/lib/python3.11/site-packages/sqlalchemy/orm/session.py:4331: in flush
    self._flush(objects)
backend/.venv/lib/python3.11/site-packages/sqlalchemy/orm/session.py:4466: in _flush
    with util.safe_reraise():
backend/.venv/lib/python3.11/site-packages/sqlalchemy/util/langhelpers.py:121: in __exit__
    raise exc_value.with_traceback(exc_tb)
backend/.venv/lib/python3.11/site-packages/sqlalchemy/orm/session.py:4427: in _flush
    flush_context.execute()
backend/.venv/lib/python3.11/site-packages/sqlalchemy/orm/unitofwork.py:466: in execute
    rec.execute(self)
backend/.venv/lib/python3.11/site-packages/sqlalchemy/orm/unitofwork.py:642: in execute
    util.preloaded.orm_persistence.save_obj(
backend/.venv/lib/python3.11/site-packages/sqlalchemy/orm/persistence.py:93: in save_obj
    _emit_insert_statements(
backend/.venv/lib/python3.11/site-packages/sqlalchemy/orm/persistence.py:1233: in _emit_insert_statements
    result = connection.execute(
backend/.venv/lib/python3.11/site-packages/sqlalchemy/engine/base.py:1419: in execute
    return meth(
backend/.venv/lib/python3.11/site-packages/sqlalchemy/sql/elements.py:527: in _execute_on_connection
    return connection._execute_clauseelement(
backend/.venv/lib/python3.11/site-packages/sqlalchemy/engine/base.py:1641: in _execute_clauseelement
    ret = self._execute_context(
backend/.venv/lib/python3.11/site-packages/sqlalchemy/engine/base.py:1846: in _execute_context
    return self._exec_single_context(
backend/.venv/lib/python3.11/site-packages/sqlalchemy/engine/base.py:1986: in _exec_single_context
    self._handle_dbapi_exception(
backend/.venv/lib/python3.11/site-packages/sqlalchemy/engine/base.py:2363: in _handle_dbapi_exception
    raise sqlalchemy_exception.with_traceback(exc_info[2]) from e
backend/.venv/lib/python3.11/site-packages/sqlalchemy/engine/base.py:1967: in _exec_single_context
    self.dialect.do_execute(
_ _ _ _ _ _ _ _ _ _ _ _ _ _ _ _ _ _ _ _ _ _ _ _ _ _ _ _ _ _ _ _ _ _ _ _ _ _ _ _ 

self = <sqlalchemy.dialects.sqlite.pysqlite.SQLiteDialect_pysqlite object at 0x10ab42ad0>
cursor = <sqlite3.Cursor object at 0x10f368140>
statement = 'INSERT INTO legal_sources (source_id, source_type, title, url, api_url, url_hash, source_quality, verified_flag, retr..._note, public_visibility) VALUES (?, ?, ?, ?, ?, ?, ?, ?, ?, ?, ?, ?, ?, ?, ?, ?) RETURNING id, created_at, updated_at'
parameters = ('test_e2e_criminal_source', 'official_court_record', 'Test Legal Source', 'http://example.com', None, '', ...)
context = <sqlalchemy.dialects.sqlite.base.SQLiteExecutionContext object at 0x10f031510>

    def do_execute(self, cursor, statement, parameters, context=None):
>       cursor.execute(statement, parameters)
E       sqlalchemy.exc.IntegrityError: (sqlite3.IntegrityError) UNIQUE constraint failed: legal_sources.url_hash
E       [SQL: INSERT INTO legal_sources (source_id, source_type, title, url, api_url, url_hash, source_quality, verified_flag, retrieved_at, review_status, reviewed_at, reviewed_by, review_notes, correction_note, dispute_note, public_visibility) VALUES (?, ?, ?, ?, ?, ?, ?, ?, ?, ?, ?, ?, ?, ?, ?, ?) RETURNING id, created_at, updated_at]
E       [parameters: ('test_e2e_criminal_source', 'official_court_record', 'Test Legal Source', 'http://example.com', None, '', 'unknown', 0, None, 'pending_review', None, None, None, None, None, 0)]
E       (Background on this error at: https://sqlalche.me/e/20/gkpj)

backend/.venv/lib/python3.11/site-packages/sqlalchemy/engine/default.py:952: IntegrityError
_______________ test_source_authority_weighting_in_contradiction _______________

self = <sqlalchemy.engine.base.Connection object at 0x10f7fbfd0>
dialect = <sqlalchemy.dialects.sqlite.pysqlite.SQLiteDialect_pysqlite object at 0x10ab42ad0>
context = <sqlalchemy.dialects.sqlite.base.SQLiteExecutionContext object at 0x10f956d10>
statement = <sqlalchemy.dialects.sqlite.base.SQLiteCompiler object at 0x10e396650>
parameters = [('test_high_auth_source', 'official_court_record', 'Test Legal Source', 'http://example.com', None, '', ...)]

    def _exec_single_context(
        self,
        dialect: Dialect,
        context: ExecutionContext,
        statement: Union[str, Compiled],
        parameters: Optional[_AnyMultiExecuteParams],
    ) -> CursorResult[Any]:
        """continue the _execute_context() method for a single DBAPI
        cursor.execute() or cursor.executemany() call.
    
        """
        if dialect.bind_typing is BindTyping.SETINPUTSIZES:
            generic_setinputsizes = context._prepare_set_input_sizes()
    
            if generic_setinputsizes:
                try:
                    dialect.do_set_input_sizes(
                        context.cursor, generic_setinputsizes, context
                    )
                except BaseException as e:
                    self._handle_dbapi_exception(
                        e, str(statement), parameters, None, context
                    )
    
        cursor, str_statement, parameters = (
            context.cursor,
            context.statement,
            context.parameters,
        )
    
        effective_parameters: Optional[_AnyExecuteParams]
    
        if not context.executemany:
            effective_parameters = parameters[0]
        else:
            effective_parameters = parameters
    
        if self._has_events or self.engine._has_events:
            for fn in self.dispatch.before_cursor_execute:
                str_statement, effective_parameters = fn(
                    self,
                    cursor,
                    str_statement,
                    effective_parameters,
                    context,
                    context.executemany,
                )
    
        if self._echo:
            self._log_info(str_statement)
    
            stats = context._get_cache_stats()
    
            if not self.engine.hide_parameters:
                self._log_info(
                    "[%s] %r",
                    stats,
                    sql_util._repr_params(
                        effective_parameters,
                        batches=10,
                        ismulti=context.executemany,
                    ),
                )
            else:
                self._log_info(
                    "[%s] [SQL parameters hidden due to hide_parameters=True]",
                    stats,
                )
    
        evt_handled: bool = False
        try:
            if context.execute_style is ExecuteStyle.EXECUTEMANY:
                effective_parameters = cast(
                    "_CoreMultiExecuteParams", effective_parameters
                )
                if self.dialect._has_events:
                    for fn in self.dialect.dispatch.do_executemany:
                        if fn(
                            cursor,
                            str_statement,
                            effective_parameters,
                            context,
                        ):
                            evt_handled = True
                            break
                if not evt_handled:
                    self.dialect.do_executemany(
                        cursor,
                        str_statement,
                        effective_parameters,
                        context,
                    )
            elif not effective_parameters and context.no_parameters:
                if self.dialect._has_events:
                    for fn in self.dialect.dispatch.do_execute_no_params:
                        if fn(cursor, str_statement, context):
                            evt_handled = True
                            break
                if not evt_handled:
                    self.dialect.do_execute_no_params(
                        cursor, str_statement, context
                    )
            else:
                effective_parameters = cast(
                    "_CoreSingleExecuteParams", effective_parameters
                )
                if self.dialect._has_events:
                    for fn in self.dialect.dispatch.do_execute:
                        if fn(
                            cursor,
                            str_statement,
                            effective_parameters,
                            context,
                        ):
                            evt_handled = True
                            break
                if not evt_handled:
>                   self.dialect.do_execute(
                        cursor, str_statement, effective_parameters, context
                    )

backend/.venv/lib/python3.11/site-packages/sqlalchemy/engine/base.py:1967: 
_ _ _ _ _ _ _ _ _ _ _ _ _ _ _ _ _ _ _ _ _ _ _ _ _ _ _ _ _ _ _ _ _ _ _ _ _ _ _ _ 

self = <sqlalchemy.dialects.sqlite.pysqlite.SQLiteDialect_pysqlite object at 0x10ab42ad0>
cursor = <sqlite3.Cursor object at 0x10fc75540>
statement = 'INSERT INTO legal_sources (source_id, source_type, title, url, api_url, url_hash, source_quality, verified_flag, retr..._note, public_visibility) VALUES (?, ?, ?, ?, ?, ?, ?, ?, ?, ?, ?, ?, ?, ?, ?, ?) RETURNING id, created_at, updated_at'
parameters = ('test_high_auth_source', 'official_court_record', 'Test Legal Source', 'http://example.com', None, '', ...)
context = <sqlalchemy.dialects.sqlite.base.SQLiteExecutionContext object at 0x10f956d10>

    def do_execute(self, cursor, statement, parameters, context=None):
>       cursor.execute(statement, parameters)
E       sqlite3.IntegrityError: UNIQUE constraint failed: legal_sources.url_hash

backend/.venv/lib/python3.11/site-packages/sqlalchemy/engine/default.py:952: IntegrityError

The above exception was the direct cause of the following exception:

db_session = <sqlalchemy.orm.session.Session object at 0x10f7fb490>

    def test_source_authority_weighting_in_contradiction(db_session):
        """Test that source authority weighting is applied in contradiction resolution."""
        # Create high-authority source
        high_auth_source = LegalSource(
            source_id="test_high_auth_source",
            source_name="High Authority Source",
            source_type="official_court_record",
            lifecycle_state="active",
        )
        db_session.add(high_auth_source)
>       db_session.commit()

backend/app/tests/test_e2e_source_to_public_api.py:298: 
_ _ _ _ _ _ _ _ _ _ _ _ _ _ _ _ _ _ _ _ _ _ _ _ _ _ _ _ _ _ _ _ _ _ _ _ _ _ _ _ 
backend/.venv/lib/python3.11/site-packages/sqlalchemy/orm/session.py:2030: in commit
    trans.commit(_to_root=True)
<string>:2: in commit
    ???
backend/.venv/lib/python3.11/site-packages/sqlalchemy/orm/state_changes.py:137: in _go
    ret_value = fn(self, *arg, **kw)
                ^^^^^^^^^^^^^^^^^^^^
backend/.venv/lib/python3.11/site-packages/sqlalchemy/orm/session.py:1311: in commit
    self._prepare_impl()
<string>:2: in _prepare_impl
    ???
backend/.venv/lib/python3.11/site-packages/sqlalchemy/orm/state_changes.py:137: in _go
    ret_value = fn(self, *arg, **kw)
                ^^^^^^^^^^^^^^^^^^^^
backend/.venv/lib/python3.11/site-packages/sqlalchemy/orm/session.py:1286: in _prepare_impl
    self.session.flush()
backend/.venv/lib/python3.11/site-packages/sqlalchemy/orm/session.py:4331: in flush
    self._flush(objects)
backend/.venv/lib/python3.11/site-packages/sqlalchemy/orm/session.py:4466: in _flush
    with util.safe_reraise():
backend/.venv/lib/python3.11/site-packages/sqlalchemy/util/langhelpers.py:121: in __exit__
    raise exc_value.with_traceback(exc_tb)
backend/.venv/lib/python3.11/site-packages/sqlalchemy/orm/session.py:4427: in _flush
    flush_context.execute()
backend/.venv/lib/python3.11/site-packages/sqlalchemy/orm/unitofwork.py:466: in execute
    rec.execute(self)
backend/.venv/lib/python3.11/site-packages/sqlalchemy/orm/unitofwork.py:642: in execute
    util.preloaded.orm_persistence.save_obj(
backend/.venv/lib/python3.11/site-packages/sqlalchemy/orm/persistence.py:93: in save_obj
    _emit_insert_statements(
backend/.venv/lib/python3.11/site-packages/sqlalchemy/orm/persistence.py:1233: in _emit_insert_statements
    result = connection.execute(
backend/.venv/lib/python3.11/site-packages/sqlalchemy/engine/base.py:1419: in execute
    return meth(
backend/.venv/lib/python3.11/site-packages/sqlalchemy/sql/elements.py:527: in _execute_on_connection
    return connection._execute_clauseelement(
backend/.venv/lib/python3.11/site-packages/sqlalchemy/engine/base.py:1641: in _execute_clauseelement
    ret = self._execute_context(
backend/.venv/lib/python3.11/site-packages/sqlalchemy/engine/base.py:1846: in _execute_context
    return self._exec_single_context(
backend/.venv/lib/python3.11/site-packages/sqlalchemy/engine/base.py:1986: in _exec_single_context
    self._handle_dbapi_exception(
backend/.venv/lib/python3.11/site-packages/sqlalchemy/engine/base.py:2363: in _handle_dbapi_exception
    raise sqlalchemy_exception.with_traceback(exc_info[2]) from e
backend/.venv/lib/python3.11/site-packages/sqlalchemy/engine/base.py:1967: in _exec_single_context
    self.dialect.do_execute(
_ _ _ _ _ _ _ _ _ _ _ _ _ _ _ _ _ _ _ _ _ _ _ _ _ _ _ _ _ _ _ _ _ _ _ _ _ _ _ _ 

self = <sqlalchemy.dialects.sqlite.pysqlite.SQLiteDialect_pysqlite object at 0x10ab42ad0>
cursor = <sqlite3.Cursor object at 0x10fc75540>
statement = 'INSERT INTO legal_sources (source_id, source_type, title, url, api_url, url_hash, source_quality, verified_flag, retr..._note, public_visibility) VALUES (?, ?, ?, ?, ?, ?, ?, ?, ?, ?, ?, ?, ?, ?, ?, ?) RETURNING id, created_at, updated_at'
parameters = ('test_high_auth_source', 'official_court_record', 'Test Legal Source', 'http://example.com', None, '', ...)
context = <sqlalchemy.dialects.sqlite.base.SQLiteExecutionContext object at 0x10f956d10>

    def do_execute(self, cursor, statement, parameters, context=None):
>       cursor.execute(statement, parameters)
E       sqlalchemy.exc.IntegrityError: (sqlite3.IntegrityError) UNIQUE constraint failed: legal_sources.url_hash
E       [SQL: INSERT INTO legal_sources (source_id, source_type, title, url, api_url, url_hash, source_quality, verified_flag, retrieved_at, review_status, reviewed_at, reviewed_by, review_notes, correction_note, dispute_note, public_visibility) VALUES (?, ?, ?, ?, ?, ?, ?, ?, ?, ?, ?, ?, ?, ?, ?, ?) RETURNING id, created_at, updated_at]
E       [parameters: ('test_high_auth_source', 'official_court_record', 'Test Legal Source', 'http://example.com', None, '', 'unknown', 0, None, 'pending_review', None, None, None, None, None, 0)]
E       (Background on this error at: https://sqlalche.me/e/20/gkpj)

backend/.venv/lib/python3.11/site-packages/sqlalchemy/engine/default.py:952: IntegrityError
_______________________ test_auto_supersede_by_authority _______________________

self = <sqlalchemy.engine.base.Connection object at 0x10ee2d7d0>
dialect = <sqlalchemy.dialects.sqlite.pysqlite.SQLiteDialect_pysqlite object at 0x10ab42ad0>
context = <sqlalchemy.dialects.sqlite.base.SQLiteExecutionContext object at 0x10ee2da90>
statement = <sqlalchemy.dialects.sqlite.base.SQLiteCompiler object at 0x10e396650>
parameters = [('test_auto_supersede_high', 'official_court_record', 'Test Legal Source', 'http://example.com', None, '', ...)]

    def _exec_single_context(
        self,
        dialect: Dialect,
        context: ExecutionContext,
        statement: Union[str, Compiled],
        parameters: Optional[_AnyMultiExecuteParams],
    ) -> CursorResult[Any]:
        """continue the _execute_context() method for a single DBAPI
        cursor.execute() or cursor.executemany() call.
    
        """
        if dialect.bind_typing is BindTyping.SETINPUTSIZES:
            generic_setinputsizes = context._prepare_set_input_sizes()
    
            if generic_setinputsizes:
                try:
                    dialect.do_set_input_sizes(
                        context.cursor, generic_setinputsizes, context
                    )
                except BaseException as e:
                    self._handle_dbapi_exception(
                        e, str(statement), parameters, None, context
                    )
    
        cursor, str_statement, parameters = (
            context.cursor,
            context.statement,
            context.parameters,
        )
    
        effective_parameters: Optional[_AnyExecuteParams]
    
        if not context.executemany:
            effective_parameters = parameters[0]
        else:
            effective_parameters = parameters
    
        if self._has_events or self.engine._has_events:
            for fn in self.dispatch.before_cursor_execute:
                str_statement, effective_parameters = fn(
                    self,
                    cursor,
                    str_statement,
                    effective_parameters,
                    context,
                    context.executemany,
                )
    
        if self._echo:
            self._log_info(str_statement)
    
            stats = context._get_cache_stats()
    
            if not self.engine.hide_parameters:
                self._log_info(
                    "[%s] %r",
                    stats,
                    sql_util._repr_params(
                        effective_parameters,
                        batches=10,
                        ismulti=context.executemany,
                    ),
                )
            else:
                self._log_info(
                    "[%s] [SQL parameters hidden due to hide_parameters=True]",
                    stats,
                )
    
        evt_handled: bool = False
        try:
            if context.execute_style is ExecuteStyle.EXECUTEMANY:
                effective_parameters = cast(
                    "_CoreMultiExecuteParams", effective_parameters
                )
                if self.dialect._has_events:
                    for fn in self.dialect.dispatch.do_executemany:
                        if fn(
                            cursor,
                            str_statement,
                            effective_parameters,
                            context,
                        ):
                            evt_handled = True
                            break
                if not evt_handled:
                    self.dialect.do_executemany(
                        cursor,
                        str_statement,
                        effective_parameters,
                        context,
                    )
            elif not effective_parameters and context.no_parameters:
                if self.dialect._has_events:
                    for fn in self.dialect.dispatch.do_execute_no_params:
                        if fn(cursor, str_statement, context):
                            evt_handled = True
                            break
                if not evt_handled:
                    self.dialect.do_execute_no_params(
                        cursor, str_statement, context
                    )
            else:
                effective_parameters = cast(
                    "_CoreSingleExecuteParams", effective_parameters
                )
                if self.dialect._has_events:
                    for fn in self.dialect.dispatch.do_execute:
                        if fn(
                            cursor,
                            str_statement,
                            effective_parameters,
                            context,
                        ):
                            evt_handled = True
                            break
                if not evt_handled:
>                   self.dialect.do_execute(
                        cursor, str_statement, effective_parameters, context
                    )

backend/.venv/lib/python3.11/site-packages/sqlalchemy/engine/base.py:1967: 
_ _ _ _ _ _ _ _ _ _ _ _ _ _ _ _ _ _ _ _ _ _ _ _ _ _ _ _ _ _ _ _ _ _ _ _ _ _ _ _ 

self = <sqlalchemy.dialects.sqlite.pysqlite.SQLiteDialect_pysqlite object at 0x10ab42ad0>
cursor = <sqlite3.Cursor object at 0x10f35a0c0>
statement = 'INSERT INTO legal_sources (source_id, source_type, title, url, api_url, url_hash, source_quality, verified_flag, retr..._note, public_visibility) VALUES (?, ?, ?, ?, ?, ?, ?, ?, ?, ?, ?, ?, ?, ?, ?, ?) RETURNING id, created_at, updated_at'
parameters = ('test_auto_supersede_high', 'official_court_record', 'Test Legal Source', 'http://example.com', None, '', ...)
context = <sqlalchemy.dialects.sqlite.base.SQLiteExecutionContext object at 0x10ee2da90>

    def do_execute(self, cursor, statement, parameters, context=None):
>       cursor.execute(statement, parameters)
E       sqlite3.IntegrityError: UNIQUE constraint failed: legal_sources.url_hash

backend/.venv/lib/python3.11/site-packages/sqlalchemy/engine/default.py:952: IntegrityError

The above exception was the direct cause of the following exception:

db_session = <sqlalchemy.orm.session.Session object at 0x10eda3550>

    def test_auto_supersede_by_authority(db_session):
        """Test automatic supersession based on source authority."""
        # Create high-authority source
        high_auth_source = LegalSource(
            source_id="test_auto_supersede_high",
            source_name="Auto Supersede High",
            source_type="official_court_record",
            lifecycle_state="active",
        )
        db_session.add(high_auth_source)
>       db_session.commit()

backend/app/tests/test_e2e_source_to_public_api.py:380: 
_ _ _ _ _ _ _ _ _ _ _ _ _ _ _ _ _ _ _ _ _ _ _ _ _ _ _ _ _ _ _ _ _ _ _ _ _ _ _ _ 
backend/.venv/lib/python3.11/site-packages/sqlalchemy/orm/session.py:2030: in commit
    trans.commit(_to_root=True)
<string>:2: in commit
    ???
backend/.venv/lib/python3.11/site-packages/sqlalchemy/orm/state_changes.py:137: in _go
    ret_value = fn(self, *arg, **kw)
                ^^^^^^^^^^^^^^^^^^^^
backend/.venv/lib/python3.11/site-packages/sqlalchemy/orm/session.py:1311: in commit
    self._prepare_impl()
<string>:2: in _prepare_impl
    ???
backend/.venv/lib/python3.11/site-packages/sqlalchemy/orm/state_changes.py:137: in _go
    ret_value = fn(self, *arg, **kw)
                ^^^^^^^^^^^^^^^^^^^^
backend/.venv/lib/python3.11/site-packages/sqlalchemy/orm/session.py:1286: in _prepare_impl
    self.session.flush()
backend/.venv/lib/python3.11/site-packages/sqlalchemy/orm/session.py:4331: in flush
    self._flush(objects)
backend/.venv/lib/python3.11/site-packages/sqlalchemy/orm/session.py:4466: in _flush
    with util.safe_reraise():
backend/.venv/lib/python3.11/site-packages/sqlalchemy/util/langhelpers.py:121: in __exit__
    raise exc_value.with_traceback(exc_tb)
backend/.venv/lib/python3.11/site-packages/sqlalchemy/orm/session.py:4427: in _flush
    flush_context.execute()
backend/.venv/lib/python3.11/site-packages/sqlalchemy/orm/unitofwork.py:466: in execute
    rec.execute(self)
backend/.venv/lib/python3.11/site-packages/sqlalchemy/orm/unitofwork.py:642: in execute
    util.preloaded.orm_persistence.save_obj(
backend/.venv/lib/python3.11/site-packages/sqlalchemy/orm/persistence.py:93: in save_obj
    _emit_insert_statements(
backend/.venv/lib/python3.11/site-packages/sqlalchemy/orm/persistence.py:1233: in _emit_insert_statements
    result = connection.execute(
backend/.venv/lib/python3.11/site-packages/sqlalchemy/engine/base.py:1419: in execute
    return meth(
backend/.venv/lib/python3.11/site-packages/sqlalchemy/sql/elements.py:527: in _execute_on_connection
    return connection._execute_clauseelement(
backend/.venv/lib/python3.11/site-packages/sqlalchemy/engine/base.py:1641: in _execute_clauseelement
    ret = self._execute_context(
backend/.venv/lib/python3.11/site-packages/sqlalchemy/engine/base.py:1846: in _execute_context
    return self._exec_single_context(
backend/.venv/lib/python3.11/site-packages/sqlalchemy/engine/base.py:1986: in _exec_single_context
    self._handle_dbapi_exception(
backend/.venv/lib/python3.11/site-packages/sqlalchemy/engine/base.py:2363: in _handle_dbapi_exception
    raise sqlalchemy_exception.with_traceback(exc_info[2]) from e
backend/.venv/lib/python3.11/site-packages/sqlalchemy/engine/base.py:1967: in _exec_single_context
    self.dialect.do_execute(
_ _ _ _ _ _ _ _ _ _ _ _ _ _ _ _ _ _ _ _ _ _ _ _ _ _ _ _ _ _ _ _ _ _ _ _ _ _ _ _ 

self = <sqlalchemy.dialects.sqlite.pysqlite.SQLiteDialect_pysqlite object at 0x10ab42ad0>
cursor = <sqlite3.Cursor object at 0x10f35a0c0>
statement = 'INSERT INTO legal_sources (source_id, source_type, title, url, api_url, url_hash, source_quality, verified_flag, retr..._note, public_visibility) VALUES (?, ?, ?, ?, ?, ?, ?, ?, ?, ?, ?, ?, ?, ?, ?, ?) RETURNING id, created_at, updated_at'
parameters = ('test_auto_supersede_high', 'official_court_record', 'Test Legal Source', 'http://example.com', None, '', ...)
context = <sqlalchemy.dialects.sqlite.base.SQLiteExecutionContext object at 0x10ee2da90>

    def do_execute(self, cursor, statement, parameters, context=None):
>       cursor.execute(statement, parameters)
E       sqlalchemy.exc.IntegrityError: (sqlite3.IntegrityError) UNIQUE constraint failed: legal_sources.url_hash
E       [SQL: INSERT INTO legal_sources (source_id, source_type, title, url, api_url, url_hash, source_quality, verified_flag, retrieved_at, review_status, reviewed_at, reviewed_by, review_notes, correction_note, dispute_note, public_visibility) VALUES (?, ?, ?, ?, ?, ?, ?, ?, ?, ?, ?, ?, ?, ?, ?, ?) RETURNING id, created_at, updated_at]
E       [parameters: ('test_auto_supersede_high', 'official_court_record', 'Test Legal Source', 'http://example.com', None, '', 'unknown', 0, None, 'pending_review', None, None, None, None, None, 0)]
E       (Background on this error at: https://sqlalche.me/e/20/gkpj)

backend/.venv/lib/python3.11/site-packages/sqlalchemy/engine/default.py:952: IntegrityError
_________________ test_unsafe_claim_exclusion_from_public_api __________________

self = <sqlalchemy.engine.base.Connection object at 0x10efa2b50>
dialect = <sqlalchemy.dialects.sqlite.pysqlite.SQLiteDialect_pysqlite object at 0x10ab42ad0>
context = <sqlalchemy.dialects.sqlite.base.SQLiteExecutionContext object at 0x10efa2c10>
statement = <sqlalchemy.dialects.sqlite.base.SQLiteCompiler object at 0x10e396650>
parameters = [('test_unsafe_source', 'official_court_record', 'Test Legal Source', 'http://example.com', None, '', ...)]

    def _exec_single_context(
        self,
        dialect: Dialect,
        context: ExecutionContext,
        statement: Union[str, Compiled],
        parameters: Optional[_AnyMultiExecuteParams],
    ) -> CursorResult[Any]:
        """continue the _execute_context() method for a single DBAPI
        cursor.execute() or cursor.executemany() call.
    
        """
        if dialect.bind_typing is BindTyping.SETINPUTSIZES:
            generic_setinputsizes = context._prepare_set_input_sizes()
    
            if generic_setinputsizes:
                try:
                    dialect.do_set_input_sizes(
                        context.cursor, generic_setinputsizes, context
                    )
                except BaseException as e:
                    self._handle_dbapi_exception(
                        e, str(statement), parameters, None, context
                    )
    
        cursor, str_statement, parameters = (
            context.cursor,
            context.statement,
            context.parameters,
        )
    
        effective_parameters: Optional[_AnyExecuteParams]
    
        if not context.executemany:
            effective_parameters = parameters[0]
        else:
            effective_parameters = parameters
    
        if self._has_events or self.engine._has_events:
            for fn in self.dispatch.before_cursor_execute:
                str_statement, effective_parameters = fn(
                    self,
                    cursor,
                    str_statement,
                    effective_parameters,
                    context,
                    context.executemany,
                )
    
        if self._echo:
            self._log_info(str_statement)
    
            stats = context._get_cache_stats()
    
            if not self.engine.hide_parameters:
                self._log_info(
                    "[%s] %r",
                    stats,
                    sql_util._repr_params(
                        effective_parameters,
                        batches=10,
                        ismulti=context.executemany,
                    ),
                )
            else:
                self._log_info(
                    "[%s] [SQL parameters hidden due to hide_parameters=True]",
                    stats,
                )
    
        evt_handled: bool = False
        try:
            if context.execute_style is ExecuteStyle.EXECUTEMANY:
                effective_parameters = cast(
                    "_CoreMultiExecuteParams", effective_parameters
                )
                if self.dialect._has_events:
                    for fn in self.dialect.dispatch.do_executemany:
                        if fn(
                            cursor,
                            str_statement,
                            effective_parameters,
                            context,
                        ):
                            evt_handled = True
                            break
                if not evt_handled:
                    self.dialect.do_executemany(
                        cursor,
                        str_statement,
                        effective_parameters,
                        context,
                    )
            elif not effective_parameters and context.no_parameters:
                if self.dialect._has_events:
                    for fn in self.dialect.dispatch.do_execute_no_params:
                        if fn(cursor, str_statement, context):
                            evt_handled = True
                            break
                if not evt_handled:
                    self.dialect.do_execute_no_params(
                        cursor, str_statement, context
                    )
            else:
                effective_parameters = cast(
                    "_CoreSingleExecuteParams", effective_parameters
                )
                if self.dialect._has_events:
                    for fn in self.dialect.dispatch.do_execute:
                        if fn(
                            cursor,
                            str_statement,
                            effective_parameters,
                            context,
                        ):
                            evt_handled = True
                            break
                if not evt_handled:
>                   self.dialect.do_execute(
                        cursor, str_statement, effective_parameters, context
                    )

backend/.venv/lib/python3.11/site-packages/sqlalchemy/engine/base.py:1967: 
_ _ _ _ _ _ _ _ _ _ _ _ _ _ _ _ _ _ _ _ _ _ _ _ _ _ _ _ _ _ _ _ _ _ _ _ _ _ _ _ 

self = <sqlalchemy.dialects.sqlite.pysqlite.SQLiteDialect_pysqlite object at 0x10ab42ad0>
cursor = <sqlite3.Cursor object at 0x10c4de740>
statement = 'INSERT INTO legal_sources (source_id, source_type, title, url, api_url, url_hash, source_quality, verified_flag, retr..._note, public_visibility) VALUES (?, ?, ?, ?, ?, ?, ?, ?, ?, ?, ?, ?, ?, ?, ?, ?) RETURNING id, created_at, updated_at'
parameters = ('test_unsafe_source', 'official_court_record', 'Test Legal Source', 'http://example.com', None, '', ...)
context = <sqlalchemy.dialects.sqlite.base.SQLiteExecutionContext object at 0x10efa2c10>

    def do_execute(self, cursor, statement, parameters, context=None):
>       cursor.execute(statement, parameters)
E       sqlite3.IntegrityError: UNIQUE constraint failed: legal_sources.url_hash

backend/.venv/lib/python3.11/site-packages/sqlalchemy/engine/default.py:952: IntegrityError

The above exception was the direct cause of the following exception:

db_session = <sqlalchemy.orm.session.Session object at 0x10f731f50>

    def test_unsafe_claim_exclusion_from_public_api(db_session):
        """Test that unsafe claims are excluded from public API."""
        # Create source
        source = LegalSource(
            source_id="test_unsafe_source",
            source_name="Unsafe Test Source",
            source_type="official_court_record",
            lifecycle_state="active",
        )
        db_session.add(source)
>       db_session.commit()

backend/app/tests/test_e2e_source_to_public_api.py:542: 
_ _ _ _ _ _ _ _ _ _ _ _ _ _ _ _ _ _ _ _ _ _ _ _ _ _ _ _ _ _ _ _ _ _ _ _ _ _ _ _ 
backend/.venv/lib/python3.11/site-packages/sqlalchemy/orm/session.py:2030: in commit
    trans.commit(_to_root=True)
<string>:2: in commit
    ???
backend/.venv/lib/python3.11/site-packages/sqlalchemy/orm/state_changes.py:137: in _go
    ret_value = fn(self, *arg, **kw)
                ^^^^^^^^^^^^^^^^^^^^
backend/.venv/lib/python3.11/site-packages/sqlalchemy/orm/session.py:1311: in commit
    self._prepare_impl()
<string>:2: in _prepare_impl
    ???
backend/.venv/lib/python3.11/site-packages/sqlalchemy/orm/state_changes.py:137: in _go
    ret_value = fn(self, *arg, **kw)
                ^^^^^^^^^^^^^^^^^^^^
backend/.venv/lib/python3.11/site-packages/sqlalchemy/orm/session.py:1286: in _prepare_impl
    self.session.flush()
backend/.venv/lib/python3.11/site-packages/sqlalchemy/orm/session.py:4331: in flush
    self._flush(objects)
backend/.venv/lib/python3.11/site-packages/sqlalchemy/orm/session.py:4466: in _flush
    with util.safe_reraise():
backend/.venv/lib/python3.11/site-packages/sqlalchemy/util/langhelpers.py:121: in __exit__
    raise exc_value.with_traceback(exc_tb)
backend/.venv/lib/python3.11/site-packages/sqlalchemy/orm/session.py:4427: in _flush
    flush_context.execute()
backend/.venv/lib/python3.11/site-packages/sqlalchemy/orm/unitofwork.py:466: in execute
    rec.execute(self)
backend/.venv/lib/python3.11/site-packages/sqlalchemy/orm/unitofwork.py:642: in execute
    util.preloaded.orm_persistence.save_obj(
backend/.venv/lib/python3.11/site-packages/sqlalchemy/orm/persistence.py:93: in save_obj
    _emit_insert_statements(
backend/.venv/lib/python3.11/site-packages/sqlalchemy/orm/persistence.py:1233: in _emit_insert_statements
    result = connection.execute(
backend/.venv/lib/python3.11/site-packages/sqlalchemy/engine/base.py:1419: in execute
    return meth(
backend/.venv/lib/python3.11/site-packages/sqlalchemy/sql/elements.py:527: in _execute_on_connection
    return connection._execute_clauseelement(
backend/.venv/lib/python3.11/site-packages/sqlalchemy/engine/base.py:1641: in _execute_clauseelement
    ret = self._execute_context(
backend/.venv/lib/python3.11/site-packages/sqlalchemy/engine/base.py:1846: in _execute_context
    return self._exec_single_context(
backend/.venv/lib/python3.11/site-packages/sqlalchemy/engine/base.py:1986: in _exec_single_context
    self._handle_dbapi_exception(
backend/.venv/lib/python3.11/site-packages/sqlalchemy/engine/base.py:2363: in _handle_dbapi_exception
    raise sqlalchemy_exception.with_traceback(exc_info[2]) from e
backend/.venv/lib/python3.11/site-packages/sqlalchemy/engine/base.py:1967: in _exec_single_context
    self.dialect.do_execute(
_ _ _ _ _ _ _ _ _ _ _ _ _ _ _ _ _ _ _ _ _ _ _ _ _ _ _ _ _ _ _ _ _ _ _ _ _ _ _ _ 

self = <sqlalchemy.dialects.sqlite.pysqlite.SQLiteDialect_pysqlite object at 0x10ab42ad0>
cursor = <sqlite3.Cursor object at 0x10c4de740>
statement = 'INSERT INTO legal_sources (source_id, source_type, title, url, api_url, url_hash, source_quality, verified_flag, retr..._note, public_visibility) VALUES (?, ?, ?, ?, ?, ?, ?, ?, ?, ?, ?, ?, ?, ?, ?, ?) RETURNING id, created_at, updated_at'
parameters = ('test_unsafe_source', 'official_court_record', 'Test Legal Source', 'http://example.com', None, '', ...)
context = <sqlalchemy.dialects.sqlite.base.SQLiteExecutionContext object at 0x10efa2c10>

    def do_execute(self, cursor, statement, parameters, context=None):
>       cursor.execute(statement, parameters)
E       sqlalchemy.exc.IntegrityError: (sqlite3.IntegrityError) UNIQUE constraint failed: legal_sources.url_hash
E       [SQL: INSERT INTO legal_sources (source_id, source_type, title, url, api_url, url_hash, source_quality, verified_flag, retrieved_at, review_status, reviewed_at, reviewed_by, review_notes, correction_note, dispute_note, public_visibility) VALUES (?, ?, ?, ?, ?, ?, ?, ?, ?, ?, ?, ?, ?, ?, ?, ?) RETURNING id, created_at, updated_at]
E       [parameters: ('test_unsafe_source', 'official_court_record', 'Test Legal Source', 'http://example.com', None, '', 'unknown', 0, None, 'pending_review', None, None, None, None, None, 0)]
E       (Background on this error at: https://sqlalche.me/e/20/gkpj)

backend/.venv/lib/python3.11/site-packages/sqlalchemy/engine/default.py:952: IntegrityError
=============================== warnings summary ===============================
backend/app/tests/test_contract_validation.py:21
  /Users/dawsonblock/Downloads/JUDGE_ATLAS-main 2/backend/app/tests/test_contract_validation.py:21: PytestCollectionWarning: cannot collect test class 'TestInputSchema' because it has a __init__ constructor (from: app/tests/test_contract_validation.py)
    class TestInputSchema(BaseModel):

backend/app/tests/test_gate.py:14
  /Users/dawsonblock/Downloads/JUDGE_ATLAS-main 2/backend/app/tests/test_gate.py:14: PytestCollectionWarning: cannot collect test class 'TestGate' because it has a __init__ constructor (from: app/tests/test_gate.py)
    class TestGate:

backend/app/tests/test_gate.py:14
  /Users/dawsonblock/Downloads/JUDGE_ATLAS-main 2/backend/app/tests/test_gate.py:14: PytestCollectionWarning: cannot collect test class 'TestGate' because it has a __init__ constructor (from: app/tests/test_test_gate.py)
    class TestGate:

-- Docs: https://docs.pytest.org/en/stable/how-to/capture-warnings.html
=========================== short test summary info ============================
FAILED backend/app/tests/test_e2e_source_to_public_api.py::test_full_pipeline_source_to_public_api
FAILED backend/app/tests/test_e2e_source_to_public_api.py::test_named_person_criminal_allegation_enforcement
FAILED backend/app/tests/test_e2e_source_to_public_api.py::test_source_authority_weighting_in_contradiction
FAILED backend/app/tests/test_e2e_source_to_public_api.py::test_auto_supersede_by_authority
FAILED backend/app/tests/test_e2e_source_to_public_api.py::test_unsafe_claim_exclusion_from_public_api
ERROR backend/app/tests/test_public_api_safety.py::test_list_events_excludes_private_events
ERROR backend/app/tests/test_public_api_safety.py::test_get_event_returns_404_for_private_event
ERROR backend/app/tests/test_public_api_safety.py::test_get_event_returns_404_for_pending_review_event
ERROR backend/app/tests/test_public_api_safety.py::test_list_judges_excludes_judges_without_public_events
ERROR backend/app/tests/test_public_api_safety.py::test_get_judge_returns_404_for_judge_without_public_events
ERROR backend/app/tests/test_public_api_safety.py::test_list_cases_excludes_cases_without_public_events
ERROR backend/app/tests/test_public_api_safety.py::test_get_case_returns_404_for_case_without_public_events
ERROR backend/app/tests/test_public_api_safety.py::test_list_sources_excludes_private_sources
ERROR backend/app/tests/test_public_api_safety.py::test_get_source_returns_404_for_private_source
ERROR backend/app/tests/test_public_api_safety.py::test_get_defendant_anonymizes_personal_data
ERROR backend/app/tests/test_public_api_safety.py::test_get_defendant_returns_404_for_defendant_without_public_events
ERROR backend/app/tests/test_public_api_safety.py::test_defendant_timeline_excludes_private_events
ERROR backend/app/tests/test_public_api_safety.py::test_case_timeline_excludes_private_events
ERROR backend/app/tests/test_public_api_safety.py::test_judge_events_excludes_private_events
ERROR backend/app/tests/test_public_api_safety.py::test_all_non_public_review_statuses_are_filtered
ERROR backend/app/tests/test_public_api_safety.py::test_public_endpoints_never_expose_internal_fields
5 failed, 34 passed, 3250 deselected, 3 warnings, 16 errors in 6.68s
